pass,warmup,order,version,position,phase,depth,time_ms,bestmove,search_eval,static_eval,completed_depth
0,1,0,v6.1-stack,P01,opening,4,7.071,g8f6,,-53,4
0,1,0,v6.1-stack,P01,opening,5,9.136,g8f6,,-53,5
0,1,0,v6.1-stack,P01,opening,6,23.076,b8c6,,-53,6
0,1,0,v6.1-stack,P02,opening,4,4.437,b8c6,,20,4
0,1,0,v6.1-stack,P02,opening,5,16.585,e8g8,,20,5
0,1,0,v6.1-stack,P02,opening,6,47.137,d8a5,,20,6
0,1,0,v6.1-stack,P03,opening,4,6.504,a7a5,,27,4
0,1,0,v6.1-stack,P03,opening,5,16.574,c8e6,,27,5
0,1,0,v6.1-stack,P03,opening,6,39.052,a7a5,,27,6
0,1,0,v6.1-stack,P04,opening,4,5.022,e1g1,,18,4
0,1,0,v6.1-stack,P04,opening,5,16.402,d4e5,,18,5
0,1,0,v6.1-stack,P04,opening,6,26.575,d4e5,,18,6
0,1,0,v6.1-stack,P05,opening,4,4.208,e1g1,,-11,4
0,1,0,v6.1-stack,P05,opening,5,10.218,e1g1,,-11,5
0,1,0,v6.1-stack,P05,opening,6,35.917,e1g1,,-11,6
0,1,0,v6.1-stack,P06,opening,4,5.840,f1c4,,-19,4
0,1,0,v6.1-stack,P06,opening,5,9.168,f1c4,,-19,5
0,1,0,v6.1-stack,P06,opening,6,30.400,f1c4,,-19,6
0,1,0,v6.1-stack,P07,opening,4,4.106,d6b6,,-26,4
0,1,0,v6.1-stack,P07,opening,5,18.757,g8f6,,-26,5
0,1,0,v6.1-stack,P07,opening,6,24.434,g8f6,,-26,6
0,1,0,v6.1-stack,P08,opening,4,3.542,g8f6,,19,4
0,1,0,v6.1-stack,P08,opening,5,8.411,g8f6,,19,5
0,1,0,v6.1-stack,P08,opening,6,30.697,b8c6,,19,6
0,1,0,v6.1-stack,P09,opening,4,6.368,e3e4,,158,4
0,1,0,v6.1-stack,P09,opening,5,10.482,d3c2,,158,5
0,1,0,v6.1-stack,P09,opening,6,39.735,d3c2,,158,6
0,1,0,v6.1-stack,P10,opening,4,4.883,e7e5,,13,4
0,1,0,v6.1-stack,P10,opening,5,18.472,e7e5,,13,5
0,1,0,v6.1-stack,P10,opening,6,22.445,e7e5,,13,6
0,1,0,v6.1-stack,P11,opening,4,4.195,f1d3,,-55,4
0,1,0,v6.1-stack,P11,opening,5,8.268,e4d5,,-55,5
0,1,0,v6.1-stack,P11,opening,6,27.481,e4e5,,-55,6
0,1,0,v6.1-stack,P12,opening,4,5.873,c8d7,,-14,4
0,1,0,v6.1-stack,P12,opening,5,9.391,c8d7,,-14,5
0,1,0,v6.1-stack,P12,opening,6,19.081,c8d7,,-14,6
0,1,0,v6.1-stack,P13,opening,4,2.678,b8c6,,-1,4
0,1,0,v6.1-stack,P13,opening,5,3.915,b8c6,,-1,5
0,1,0,v6.1-stack,P13,opening,6,17.121,e7e6,,-1,6
0,1,0,v6.1-stack,P14,opening,4,3.391,c6d4,,-37,4
0,1,0,v6.1-stack,P14,opening,5,9.151,c6d4,,-37,5
0,1,0,v6.1-stack,P14,opening,6,25.814,c6d4,,-37,6
0,1,0,v6.1-stack,P15,middlegame,4,6.422,h4g3,,76,4
0,1,0,v6.1-stack,P15,middlegame,5,12.760,h4g3,,76,5
0,1,0,v6.1-stack,P15,middlegame,6,33.587,h4g3,,76,6
0,1,0,v6.1-stack,P16,middlegame,4,3.330,a6a5,,-97,4
0,1,0,v6.1-stack,P16,middlegame,5,8.916,a6a5,,-97,5
0,1,0,v6.1-stack,P16,middlegame,6,27.808,c8b7,,-97,6
0,1,0,v6.1-stack,P17,middlegame,4,5.507,c6b4,,-124,4
0,1,0,v6.1-stack,P17,middlegame,5,11.152,c6b4,,-124,5
0,1,0,v6.1-stack,P17,middlegame,6,39.458,e7f5,,-124,6
0,1,0,v6.1-stack,P18,middlegame,4,4.945,c1a3,,117,4
0,1,0,v6.1-stack,P18,middlegame,5,14.829,c1e3,,117,5
0,1,0,v6.1-stack,P18,middlegame,6,32.498,c1e3,,117,6
0,1,0,v6.1-stack,P19,middlegame,4,2.002,c4d5,,-197,4
0,1,0,v6.1-stack,P19,middlegame,5,2.784,c4d5,,-197,5
0,1,0,v6.1-stack,P19,middlegame,6,3.870,c4d5,,-197,6
0,1,0,v6.1-stack,P20,middlegame,4,4.234,h7h6,,40,4
0,1,0,v6.1-stack,P20,middlegame,5,13.961,h7h6,,40,5
0,1,0,v6.1-stack,P20,middlegame,6,49.186,d8d7,,40,6
0,1,0,v6.1-stack,P21,middlegame,4,6.175,e7d5,,-46,4
0,1,0,v6.1-stack,P21,middlegame,5,10.628,e7d5,,-46,5
0,1,0,v6.1-stack,P21,middlegame,6,35.357,e7d5,,-46,6
0,1,0,v6.1-stack,P22,middlegame,4,8.030,g1h1,,69,4
0,1,0,v6.1-stack,P22,middlegame,5,14.947,g1h1,,69,5
0,1,0,v6.1-stack,P22,middlegame,6,32.352,g1h1,,69,6
0,1,0,v6.1-stack,P23,middlegame,4,4.677,e7f6,,33,4
0,1,0,v6.1-stack,P23,middlegame,5,8.359,f8e8,,33,5
0,1,0,v6.1-stack,P23,middlegame,6,29.504,e7d6,,33,6
0,1,0,v6.1-stack,P24,middlegame,4,8.504,b5c6,,156,4
0,1,0,v6.1-stack,P24,middlegame,5,13.651,b5c6,,156,5
0,1,0,v6.1-stack,P24,middlegame,6,37.929,b5c6,,156,6
0,1,0,v6.1-stack,P25,middlegame,4,4.447,d7f6,,-100,4
0,1,0,v6.1-stack,P25,middlegame,5,12.728,d7b6,,-100,5
0,1,0,v6.1-stack,P25,middlegame,6,19.606,d7b6,,-100,6
0,1,0,v6.1-stack,P26,middlegame,4,3.702,g8g7,,-298,4
0,1,0,v6.1-stack,P26,middlegame,5,6.860,g8g7,,-298,5
0,1,0,v6.1-stack,P26,middlegame,6,17.330,g8g7,,-298,6
0,1,0,v6.1-stack,P27,middlegame,4,3.591,b4c6,,-98,4
0,1,0,v6.1-stack,P27,middlegame,5,6.049,b4c6,,-98,5
0,1,0,v6.1-stack,P27,middlegame,6,18.381,b4c6,,-98,6
0,1,0,v6.1-stack,P28,middlegame,4,4.369,c3d3,,-86,4
0,1,0,v6.1-stack,P28,middlegame,5,6.917,c3d3,,-86,5
0,1,0,v6.1-stack,P28,middlegame,6,14.745,c3d3,,-86,6
0,1,0,v6.1-stack,P29,middlegame,4,5.270,d8e8,,-52,4
0,1,0,v6.1-stack,P29,middlegame,5,12.050,c8b8,,-52,5
0,1,0,v6.1-stack,P29,middlegame,6,23.178,d8e8,,-52,6
0,1,0,v6.1-stack,P30,middlegame,4,4.824,a6b4,,-100,4
0,1,0,v6.1-stack,P30,middlegame,5,16.596,f5f4,,-100,5
0,1,0,v6.1-stack,P30,middlegame,6,31.437,f5f4,,-100,6
0,1,0,v6.1-stack,P31,endgame,4,2.278,c5g1,,-280,4
0,1,0,v6.1-stack,P31,endgame,5,2.184,c5g1,,-280,5
0,1,0,v6.1-stack,P31,endgame,6,3.866,c5g1,,-280,6
0,1,0,v6.1-stack,P32,endgame,4,2.070,f2e3,,156,4
0,1,0,v6.1-stack,P32,endgame,5,3.440,f2e3,,156,5
0,1,0,v6.1-stack,P32,endgame,6,6.844,f2e3,,156,6
0,1,0,v6.1-stack,P33,endgame,4,2.773,b4a4,,-113,4
0,1,0,v6.1-stack,P33,endgame,5,3.722,b4a4,,-113,5
0,1,0,v6.1-stack,P33,endgame,6,7.365,b4a4,,-113,6
0,1,0,v6.1-stack,P34,endgame,4,1.544,a5a8,,341,4
0,1,0,v6.1-stack,P34,endgame,5,1.845,a5a8,,341,5
0,1,0,v6.1-stack,P34,endgame,6,2.285,a5a8,,341,6
0,1,0,v6.1-stack,P35,endgame,4,3.133,f2g1,,36,4
0,1,0,v6.1-stack,P35,endgame,5,6.622,f2g1,,36,5
0,1,0,v6.1-stack,P35,endgame,6,11.578,f2g1,,36,6
0,1,0,v6.1-stack,P36,endgame,4,2.324,g1f2,,-23,4
0,1,0,v6.1-stack,P36,endgame,5,3.111,g1f2,,-23,5
0,1,0,v6.1-stack,P36,endgame,6,6.107,g1f2,,-23,6
0,1,0,v6.1-stack,P37,endgame,4,2.059,g3g7,,23,4
0,1,0,v6.1-stack,P37,endgame,5,2.864,g3g7,,23,5
0,1,0,v6.1-stack,P37,endgame,6,5.399,g3g7,,23,6
0,1,0,v6.1-stack,P38,endgame,4,1.975,a4b5,,-15,4
0,1,0,v6.1-stack,P38,endgame,5,2.398,a4b5,,-15,5
0,1,0,v6.1-stack,P38,endgame,6,4.022,a4b5,,-15,6
0,1,0,v6.1-stack,P39,endgame,4,2.106,d2g2,,-37,4
0,1,0,v6.1-stack,P39,endgame,5,3.001,d2g2,,-37,5
0,1,0,v6.1-stack,P39,endgame,6,9.296,d2a2,,-37,6
0,1,0,v6.1-stack,P40,endgame,4,4.664,e3e8,,99,4
0,1,0,v6.1-stack,P40,endgame,5,5.972,e3e8,,99,5
0,1,0,v6.1-stack,P40,endgame,6,16.644,a4a5,,99,6
0,1,1,v7-new,P01,opening,4,3.758,g8f6,-37,-53,4
0,1,1,v7-new,P01,opening,5,7.835,g8f6,-22,-53,5
0,1,1,v7-new,P01,opening,6,22.586,b8c6,-29,-53,6
0,1,1,v7-new,P02,opening,4,3.046,b8c6,103,20,4
0,1,1,v7-new,P02,opening,5,15.637,e8g8,71,20,5
0,1,1,v7-new,P02,opening,6,47.439,d8a5,60,20,6
0,1,1,v7-new,P03,opening,4,5.214,a7a5,34,27,4
0,1,1,v7-new,P03,opening,5,16.205,c8e6,42,27,5
0,1,1,v7-new,P03,opening,6,39.910,a7a5,24,27,6
0,1,1,v7-new,P04,opening,4,3.598,e1g1,132,18,4
0,1,1,v7-new,P04,opening,5,15.999,d4e5,153,18,5
0,1,1,v7-new,P04,opening,6,26.104,d4e5,134,18,6
0,1,1,v7-new,P05,opening,4,2.860,e1g1,140,-11,4
0,1,1,v7-new,P05,opening,5,9.004,e1g1,124,-11,5
0,1,1,v7-new,P05,opening,6,36.160,e1g1,103,-11,6
0,1,1,v7-new,P06,opening,4,4.505,f1c4,-19,-19,4
0,1,1,v7-new,P06,opening,5,8.207,f1c4,21,-19,5
0,1,1,v7-new,P06,opening,6,31.350,f1c4,-16,-19,6
0,1,1,v7-new,P07,opening,4,2.780,d6b6,3,-26,4
0,1,1,v7-new,P07,opening,5,18.427,g8f6,95,-26,5
0,1,1,v7-new,P07,opening,6,23.605,g8f6,37,-26,6
0,1,1,v7-new,P08,opening,4,2.195,g8f6,20,19,4
0,1,1,v7-new,P08,opening,5,7.188,g8f6,57,19,5
0,1,1,v7-new,P08,opening,6,30.400,b8c6,29,19,6
0,1,1,v7-new,P09,opening,4,5.265,e3e4,95,158,4
0,1,1,v7-new,P09,opening,5,9.889,d3c2,97,158,5
0,1,1,v7-new,P09,opening,6,41.300,d3c2,80,158,6
0,1,1,v7-new,P10,opening,4,3.280,e7e5,27,13,4
0,1,1,v7-new,P10,opening,5,11.658,e7e5,64,13,5
0,1,1,v7-new,P10,opening,6,22.343,e7e5,39,13,6
0,1,1,v7-new,P11,opening,4,2.735,f1d3,-62,-55,4
0,1,1,v7-new,P11,opening,5,7.462,e4d5,-51,-55,5
0,1,1,v7-new,P11,opening,6,27.347,e4e5,-53,-55,6
0,1,1,v7-new,P12,opening,4,4.853,c8d7,-90,-14,4
0,1,1,v7-new,P12,opening,5,8.638,c8d7,-55,-14,5
0,1,1,v7-new,P12,opening,6,19.306,c8d7,-69,-14,6
0,1,1,v7-new,P13,opening,4,1.447,b8c6,-55,-1,4
0,1,1,v7-new,P13,opening,5,2.467,b8c6,-19,-1,5
0,1,1,v7-new,P13,opening,6,16.442,e7e6,-6,-1,6
0,1,1,v7-new,P14,opening,4,2.222,c6d4,73,-37,4
0,1,1,v7-new,P14,opening,5,8.280,c6d4,48,-37,5
0,1,1,v7-new,P14,opening,6,26.213,c6d4,53,-37,6
0,1,1,v7-new,P15,middlegame,4,5.163,h4g3,77,76,4
0,1,1,v7-new,P15,middlegame,5,11.569,h4g3,71,76,5
0,1,1,v7-new,P15,middlegame,6,33.266,h4g3,60,76,6
0,1,1,v7-new,P16,middlegame,4,1.812,a6a5,-71,-97,4
0,1,1,v7-new,P16,middlegame,5,7.752,a6a5,-73,-97,5
0,1,1,v7-new,P16,middlegame,6,27.473,c8b7,-67,-97,6
0,1,1,v7-new,P17,middlegame,4,3.914,c6b4,-84,-124,4
0,1,1,v7-new,P17,middlegame,5,10.223,c6b4,-79,-124,5
0,1,1,v7-new,P17,middlegame,6,39.223,e7f5,-83,-124,6
0,1,1,v7-new,P18,middlegame,4,3.707,c1a3,136,117,4
0,1,1,v7-new,P18,middlegame,5,14.033,c1e3,132,117,5
0,1,1,v7-new,P18,middlegame,6,32.247,c1e3,144,117,6
0,1,1,v7-new,P19,middlegame,4,0.520,c4d5,138,-197,4
0,1,1,v7-new,P19,middlegame,5,1.629,c4d5,156,-197,5
0,1,1,v7-new,P19,middlegame,6,2.772,c4d5,155,-197,6
0,1,1,v7-new,P20,middlegame,4,3.135,h7h6,48,40,4
0,1,1,v7-new,P20,middlegame,5,12.548,h7h6,19,40,5
0,1,1,v7-new,P20,middlegame,6,49.152,d8d7,14,40,6
0,1,1,v7-new,P21,middlegame,4,4.395,e7d5,6,-46,4
0,1,1,v7-new,P21,middlegame,5,9.490,e7d5,11,-46,5
0,1,1,v7-new,P21,middlegame,6,34.417,e7d5,-16,-46,6
0,1,1,v7-new,P22,middlegame,4,6.840,g1h1,31,69,4
0,1,1,v7-new,P22,middlegame,5,14.219,g1h1,31,69,5
0,1,1,v7-new,P22,middlegame,6,31.971,g1h1,31,69,6
0,1,1,v7-new,P23,middlegame,4,2.913,e7f6,50,33,4
0,1,1,v7-new,P23,middlegame,5,7.209,f8e8,44,33,5
0,1,1,v7-new,P23,middlegame,6,28.040,e7d6,48,33,6
0,1,1,v7-new,P24,middlegame,4,7.000,b5c6,132,156,4
0,1,1,v7-new,P24,middlegame,5,12.612,b5c6,153,156,5
0,1,1,v7-new,P24,middlegame,6,37.535,b5c6,145,156,6
0,1,1,v7-new,P25,middlegame,4,2.848,d7f6,-86,-100,4
0,1,1,v7-new,P25,middlegame,5,11.566,d7b6,-69,-100,5
0,1,1,v7-new,P25,middlegame,6,18.684,d7b6,-69,-100,6
0,1,1,v7-new,P26,middlegame,4,2.294,g8g7,-54,-298,4
0,1,1,v7-new,P26,middlegame,5,6.021,g8g7,-75,-298,5
0,1,1,v7-new,P26,middlegame,6,16.745,g8g7,-73,-298,6
0,1,1,v7-new,P27,middlegame,4,2.341,b4c6,-90,-98,4
0,1,1,v7-new,P27,middlegame,5,4.809,b4c6,-90,-98,5
0,1,1,v7-new,P27,middlegame,6,17.185,b4c6,-102,-98,6
0,1,1,v7-new,P28,middlegame,4,3.108,c3d3,-86,-86,4
0,1,1,v7-new,P28,middlegame,5,5.919,c3d3,-78,-86,5
0,1,1,v7-new,P28,middlegame,6,14.314,c3d3,-80,-86,6
0,1,1,v7-new,P29,middlegame,4,4.117,d8e8,-54,-52,4
0,1,1,v7-new,P29,middlegame,5,11.308,c8b8,-42,-52,5
0,1,1,v7-new,P29,middlegame,6,23.256,d8e8,-42,-52,6
0,1,1,v7-new,P30,middlegame,4,3.500,a6b4,-102,-100,4
0,1,1,v7-new,P30,middlegame,5,16.194,f5f4,-55,-100,5
0,1,1,v7-new,P30,middlegame,6,31.052,f5f4,-84,-100,6
0,1,1,v7-new,P31,endgame,4,0.764,c5g1,70,-280,4
0,1,1,v7-new,P31,endgame,5,1.122,c5g1,70,-280,5
0,1,1,v7-new,P31,endgame,6,2.595,c5g1,70,-280,6
0,1,1,v7-new,P32,endgame,4,1.012,f2e3,164,156,4
0,1,1,v7-new,P32,endgame,5,2.224,f2e3,167,156,5
0,1,1,v7-new,P32,endgame,6,5.561,f2e3,169,156,6
0,1,1,v7-new,P33,endgame,4,1.681,b4a4,-90,-113,4
0,1,1,v7-new,P33,endgame,5,2.856,b4a4,-74,-113,5
0,1,1,v7-new,P33,endgame,6,6.264,b4a4,-137,-113,6
0,1,1,v7-new,P34,endgame,4,0.316,a5a8,360,341,4
0,1,1,v7-new,P34,endgame,5,0.600,a5a8,371,341,5
0,1,1,v7-new,P34,endgame,6,1.007,a5a8,371,341,6
0,1,1,v7-new,P35,endgame,4,1.977,f2g1,20,36,4
0,1,1,v7-new,P35,endgame,5,5.627,f2g1,34,36,5
0,1,1,v7-new,P35,endgame,6,10.899,f2g1,34,36,6
0,1,1,v7-new,P36,endgame,4,1.126,g1f2,0,-23,4
0,1,1,v7-new,P36,endgame,5,1.941,g1f2,-5,-23,5
0,1,1,v7-new,P36,endgame,6,5.122,g1f2,-15,-23,6
0,1,1,v7-new,P37,endgame,4,0.878,g3g7,57,23,4
0,1,1,v7-new,P37,endgame,5,1.689,g3g7,56,23,5
0,1,1,v7-new,P37,endgame,6,3.990,g3g7,48,23,6
0,1,1,v7-new,P38,endgame,4,0.814,a4b5,59,-15,4
0,1,1,v7-new,P38,endgame,5,1.218,a4b5,97,-15,5
0,1,1,v7-new,P38,endgame,6,2.925,a4b5,86,-15,6
0,1,1,v7-new,P39,endgame,4,0.857,d2g2,-20,-37,4
0,1,1,v7-new,P39,endgame,5,1.803,d2g2,-13,-37,5
0,1,1,v7-new,P39,endgame,6,8.057,d2a2,-16,-37,6
0,1,1,v7-new,P40,endgame,4,3.556,e3e8,122,99,4
0,1,1,v7-new,P40,endgame,5,4.810,e3e8,151,99,5
0,1,1,v7-new,P40,endgame,6,16.093,a4a5,145,99,6
1,0,0,v7-new,P01,opening,4,3.709,g8f6,-37,-53,4
1,0,0,v7-new,P01,opening,5,7.794,g8f6,-22,-53,5
1,0,0,v7-new,P01,opening,6,22.534,b8c6,-29,-53,6
1,0,0,v7-new,P02,opening,4,3.213,b8c6,103,20,4
1,0,0,v7-new,P02,opening,5,15.899,e8g8,71,20,5
1,0,0,v7-new,P02,opening,6,47.446,d8a5,60,20,6
1,0,0,v7-new,P03,opening,4,5.212,a7a5,34,27,4
1,0,0,v7-new,P03,opening,5,16.283,c8e6,42,27,5
1,0,0,v7-new,P03,opening,6,39.742,a7a5,24,27,6
1,0,0,v7-new,P04,opening,4,3.519,e1g1,132,18,4
1,0,0,v7-new,P04,opening,5,15.941,d4e5,153,18,5
1,0,0,v7-new,P04,opening,6,25.980,d4e5,134,18,6
1,0,0,v7-new,P05,opening,4,2.854,e1g1,140,-11,4
1,0,0,v7-new,P05,opening,5,9.189,e1g1,124,-11,5
1,0,0,v7-new,P05,opening,6,35.891,e1g1,103,-11,6
1,0,0,v7-new,P06,opening,4,4.461,f1c4,-19,-19,4
1,0,0,v7-new,P06,opening,5,8.181,f1c4,21,-19,5
1,0,0,v7-new,P06,opening,6,31.703,f1c4,-16,-19,6
1,0,0,v7-new,P07,opening,4,2.750,d6b6,3,-26,4
1,0,0,v7-new,P07,opening,5,18.530,g8f6,95,-26,5
1,0,0,v7-new,P07,opening,6,23.925,g8f6,37,-26,6
1,0,0,v7-new,P08,opening,4,2.208,g8f6,20,19,4
1,0,0,v7-new,P08,opening,5,7.370,g8f6,57,19,5
1,0,0,v7-new,P08,opening,6,30.438,b8c6,29,19,6
1,0,0,v7-new,P09,opening,4,5.186,e3e4,95,158,4
1,0,0,v7-new,P09,opening,5,9.810,d3c2,97,158,5
1,0,0,v7-new,P09,opening,6,41.333,d3c2,80,158,6
1,0,0,v7-new,P10,opening,4,3.308,e7e5,27,13,4
1,0,0,v7-new,P10,opening,5,11.882,e7e5,64,13,5
1,0,0,v7-new,P10,opening,6,22.257,e7e5,39,13,6
1,0,0,v7-new,P11,opening,4,2.791,f1d3,-62,-55,4
1,0,0,v7-new,P11,opening,5,7.634,e4d5,-51,-55,5
1,0,0,v7-new,P11,opening,6,27.439,e4e5,-53,-55,6
1,0,0,v7-new,P12,opening,4,4.989,c8d7,-90,-14,4
1,0,0,v7-new,P12,opening,5,8.755,c8d7,-55,-14,5
1,0,0,v7-new,P12,opening,6,19.608,c8d7,-69,-14,6
1,0,0,v7-new,P13,opening,4,1.410,b8c6,-55,-1,4
1,0,0,v7-new,P13,opening,5,2.488,b8c6,-19,-1,5
1,0,0,v7-new,P13,opening,6,16.331,e7e6,-6,-1,6
1,0,0,v7-new,P14,opening,4,2.147,c6d4,73,-37,4
1,0,0,v7-new,P14,opening,5,8.473,c6d4,48,-37,5
1,0,0,v7-new,P14,opening,6,26.429,c6d4,53,-37,6
1,0,0,v7-new,P15,middlegame,4,5.110,h4g3,77,76,4
1,0,0,v7-new,P15,middlegame,5,11.758,h4g3,71,76,5
1,0,0,v7-new,P15,middlegame,6,33.312,h4g3,60,76,6
1,0,0,v7-new,P16,middlegame,4,1.812,a6a5,-71,-97,4
1,0,0,v7-new,P16,middlegame,5,7.791,a6a5,-73,-97,5
1,0,0,v7-new,P16,middlegame,6,27.623,c8b7,-67,-97,6
1,0,0,v7-new,P17,middlegame,4,3.896,c6b4,-84,-124,4
1,0,0,v7-new,P17,middlegame,5,10.342,c6b4,-79,-124,5
1,0,0,v7-new,P17,middlegame,6,39.283,e7f5,-83,-124,6
1,0,0,v7-new,P18,middlegame,4,3.330,c1a3,136,117,4
1,0,0,v7-new,P18,middlegame,5,13.869,c1e3,132,117,5
1,0,0,v7-new,P18,middlegame,6,32.329,c1e3,144,117,6
1,0,0,v7-new,P19,middlegame,4,0.504,c4d5,138,-197,4
1,0,0,v7-new,P19,middlegame,5,1.610,c4d5,156,-197,5
1,0,0,v7-new,P19,middlegame,6,2.728,c4d5,155,-197,6
1,0,0,v7-new,P20,middlegame,4,3.097,h7h6,48,40,4
1,0,0,v7-new,P20,middlegame,5,12.568,h7h6,19,40,5
1,0,0,v7-new,P20,middlegame,6,48.873,d8d7,14,40,6
1,0,0,v7-new,P21,middlegame,4,4.463,e7d5,6,-46,4
1,0,0,v7-new,P21,middlegame,5,9.366,e7d5,11,-46,5
1,0,0,v7-new,P21,middlegame,6,34.751,e7d5,-16,-46,6
1,0,0,v7-new,P22,middlegame,4,6.778,g1h1,31,69,4
1,0,0,v7-new,P22,middlegame,5,14.030,g1h1,31,69,5
1,0,0,v7-new,P22,middlegame,6,32.249,g1h1,31,69,6
1,0,0,v7-new,P23,middlegame,4,2.932,e7f6,50,33,4
1,0,0,v7-new,P23,middlegame,5,7.387,f8e8,44,33,5
1,0,0,v7-new,P23,middlegame,6,28.060,e7d6,48,33,6
1,0,0,v7-new,P24,middlegame,4,6.911,b5c6,132,156,4
1,0,0,v7-new,P24,middlegame,5,12.593,b5c6,153,156,5
1,0,0,v7-new,P24,middlegame,6,37.656,b5c6,145,156,6
1,0,0,v7-new,P25,middlegame,4,2.747,d7f6,-86,-100,4
1,0,0,v7-new,P25,middlegame,5,11.367,d7b6,-69,-100,5
1,0,0,v7-new,P25,middlegame,6,18.746,d7b6,-69,-100,6
1,0,0,v7-new,P26,middlegame,4,2.323,g8g7,-54,-298,4
1,0,0,v7-new,P26,middlegame,5,6.099,g8g7,-75,-298,5
1,0,0,v7-new,P26,middlegame,6,16.800,g8g7,-73,-298,6
1,0,0,v7-new,P27,middlegame,4,2.279,b4c6,-90,-98,4
1,0,0,v7-new,P27,middlegame,5,4.778,b4c6,-90,-98,5
1,0,0,v7-new,P27,middlegame,6,17.377,b4c6,-102,-98,6
1,0,0,v7-new,P28,middlegame,4,3.123,c3d3,-86,-86,4
1,0,0,v7-new,P28,middlegame,5,5.952,c3d3,-78,-86,5
1,0,0,v7-new,P28,middlegame,6,14.503,c3d3,-80,-86,6
1,0,0,v7-new,P29,middlegame,4,4.300,d8e8,-54,-52,4
1,0,0,v7-new,P29,middlegame,5,11.317,c8b8,-42,-52,5
1,0,0,v7-new,P29,middlegame,6,23.217,d8e8,-42,-52,6
1,0,0,v7-new,P30,middlegame,4,3.498,a6b4,-102,-100,4
1,0,0,v7-new,P30,middlegame,5,16.117,f5f4,-55,-100,5
1,0,0,v7-new,P30,middlegame,6,30.858,f5f4,-84,-100,6
1,0,0,v7-new,P31,endgame,4,0.827,c5g1,70,-280,4
1,0,0,v7-new,P31,endgame,5,1.124,c5g1,70,-280,5
1,0,0,v7-new,P31,endgame,6,2.722,c5g1,70,-280,6
1,0,0,v7-new,P32,endgame,4,0.881,f2e3,164,156,4
1,0,0,v7-new,P32,endgame,5,2.201,f2e3,167,156,5
1,0,0,v7-new,P32,endgame,6,5.439,f2e3,169,156,6
1,0,0,v7-new,P33,endgame,4,1.748,b4a4,-90,-113,4
1,0,0,v7-new,P33,endgame,5,2.670,b4a4,-74,-113,5
1,0,0,v7-new,P33,endgame,6,6.250,b4a4,-137,-113,6
1,0,0,v7-new,P34,endgame,4,0.314,a5a8,360,341,4
1,0,0,v7-new,P34,endgame,5,0.600,a5a8,371,341,5
1,0,0,v7-new,P34,endgame,6,1.041,a5a8,371,341,6
1,0,0,v7-new,P35,endgame,4,1.847,f2g1,20,36,4
1,0,0,v7-new,P35,endgame,5,5.577,f2g1,34,36,5
1,0,0,v7-new,P35,endgame,6,10.294,f2g1,34,36,6
1,0,0,v7-new,P36,endgame,4,1.104,g1f2,0,-23,4
1,0,0,v7-new,P36,endgame,5,1.966,g1f2,-5,-23,5
1,0,0,v7-new,P36,endgame,6,5.209,g1f2,-15,-23,6
1,0,0,v7-new,P37,endgame,4,0.864,g3g7,57,23,4
1,0,0,v7-new,P37,endgame,5,1.670,g3g7,56,23,5
1,0,0,v7-new,P37,endgame,6,3.939,g3g7,48,23,6
1,0,0,v7-new,P38,endgame,4,0.792,a4b5,59,-15,4
1,0,0,v7-new,P38,endgame,5,1.235,a4b5,97,-15,5
1,0,0,v7-new,P38,endgame,6,3.007,a4b5,86,-15,6
1,0,0,v7-new,P39,endgame,4,0.889,d2g2,-20,-37,4
1,0,0,v7-new,P39,endgame,5,1.788,d2g2,-13,-37,5
1,0,0,v7-new,P39,endgame,6,8.161,d2a2,-16,-37,6
1,0,0,v7-new,P40,endgame,4,3.338,e3e8,122,99,4
1,0,0,v7-new,P40,endgame,5,4.893,e3e8,151,99,5
1,0,0,v7-new,P40,endgame,6,16.060,a4a5,145,99,6
1,0,1,v6.1-stack,P01,opening,4,7.049,g8f6,,-53,4
1,0,1,v6.1-stack,P01,opening,5,9.307,g8f6,,-53,5
1,0,1,v6.1-stack,P01,opening,6,23.591,b8c6,,-53,6
1,0,1,v6.1-stack,P02,opening,4,4.750,b8c6,,20,4
1,0,1,v6.1-stack,P02,opening,5,17.062,e8g8,,20,5
1,0,1,v6.1-stack,P02,opening,6,48.686,d8a5,,20,6
1,0,1,v6.1-stack,P03,opening,4,6.751,a7a5,,27,4
1,0,1,v6.1-stack,P03,opening,5,16.791,c8e6,,27,5
1,0,1,v6.1-stack,P03,opening,6,39.282,a7a5,,27,6
1,0,1,v6.1-stack,P04,opening,4,5.101,e1g1,,18,4
1,0,1,v6.1-stack,P04,opening,5,16.457,d4e5,,18,5
1,0,1,v6.1-stack,P04,opening,6,26.588,d4e5,,18,6
1,0,1,v6.1-stack,P05,opening,4,4.385,e1g1,,-11,4
1,0,1,v6.1-stack,P05,opening,5,10.204,e1g1,,-11,5
1,0,1,v6.1-stack,P05,opening,6,36.522,e1g1,,-11,6
1,0,1,v6.1-stack,P06,opening,4,5.982,f1c4,,-19,4
1,0,1,v6.1-stack,P06,opening,5,9.029,f1c4,,-19,5
1,0,1,v6.1-stack,P06,opening,6,31.155,f1c4,,-19,6
1,0,1,v6.1-stack,P07,opening,4,4.342,d6b6,,-26,4
1,0,1,v6.1-stack,P07,opening,5,19.100,g8f6,,-26,5
1,0,1,v6.1-stack,P07,opening,6,24.398,g8f6,,-26,6
1,0,1,v6.1-stack,P08,opening,4,3.737,g8f6,,19,4
1,0,1,v6.1-stack,P08,opening,5,8.468,g8f6,,19,5
1,0,1,v6.1-stack,P08,opening,6,30.933,b8c6,,19,6
1,0,1,v6.1-stack,P09,opening,4,6.844,e3e4,,158,4
1,0,1,v6.1-stack,P09,opening,5,10.536,d3c2,,158,5
1,0,1,v6.1-stack,P09,opening,6,40.376,d3c2,,158,6
1,0,1,v6.1-stack,P10,opening,4,4.855,e7e5,,13,4
1,0,1,v6.1-stack,P10,opening,5,12.789,e7e5,,13,5
1,0,1,v6.1-stack,P10,opening,6,23.459,e7e5,,13,6
1,0,1,v6.1-stack,P11,opening,4,4.200,f1d3,,-55,4
1,0,1,v6.1-stack,P11,opening,5,8.630,e4d5,,-55,5
1,0,1,v6.1-stack,P11,opening,6,27.632,e4e5,,-55,6
1,0,1,v6.1-stack,P12,opening,4,6.139,c8d7,,-14,4
1,0,1,v6.1-stack,P12,opening,5,9.424,c8d7,,-14,5
1,0,1,v6.1-stack,P12,opening,6,19.251,c8d7,,-14,6
1,0,1,v6.1-stack,P13,opening,4,2.674,b8c6,,-1,4
1,0,1,v6.1-stack,P13,opening,5,3.656,b8c6,,-1,5
1,0,1,v6.1-stack,P13,opening,6,17.242,e7e6,,-1,6
1,0,1,v6.1-stack,P14,opening,4,3.459,c6d4,,-37,4
1,0,1,v6.1-stack,P14,opening,5,9.225,c6d4,,-37,5
1,0,1,v6.1-stack,P14,opening,6,26.326,c6d4,,-37,6
1,0,1,v6.1-stack,P15,middlegame,4,6.397,h4g3,,76,4
1,0,1,v6.1-stack,P15,middlegame,5,12.664,h4g3,,76,5
1,0,1,v6.1-stack,P15,middlegame,6,33.066,h4g3,,76,6
1,0,1,v6.1-stack,P16,middlegame,4,3.297,a6a5,,-97,4
1,0,1,v6.1-stack,P16,middlegame,5,8.948,a6a5,,-97,5
1,0,1,v6.1-stack,P16,middlegame,6,28.468,c8b7,,-97,6
1,0,1,v6.1-stack,P17,middlegame,4,5.337,c6b4,,-124,4
1,0,1,v6.1-stack,P17,middlegame,5,11.199,c6b4,,-124,5
1,0,1,v6.1-stack,P17,middlegame,6,39.351,e7f5,,-124,6
1,0,1,v6.1-stack,P18,middlegame,4,5.001,c1a3,,117,4
1,0,1,v6.1-stack,P18,middlegame,5,14.808,c1e3,,117,5
1,0,1,v6.1-stack,P18,middlegame,6,32.367,c1e3,,117,6
1,0,1,v6.1-stack,P19,middlegame,4,2.013,c4d5,,-197,4
1,0,1,v6.1-stack,P19,middlegame,5,2.837,c4d5,,-197,5
1,0,1,v6.1-stack,P19,middlegame,6,3.921,c4d5,,-197,6
1,0,1,v6.1-stack,P20,middlegame,4,4.265,h7h6,,40,4
1,0,1,v6.1-stack,P20,middlegame,5,13.602,h7h6,,40,5
1,0,1,v6.1-stack,P20,middlegame,6,48.771,d8d7,,40,6
1,0,1,v6.1-stack,P21,middlegame,4,6.136,e7d5,,-46,4
1,0,1,v6.1-stack,P21,middlegame,5,10.741,e7d5,,-46,5
1,0,1,v6.1-stack,P21,middlegame,6,35.472,e7d5,,-46,6
1,0,1,v6.1-stack,P22,middlegame,4,8.398,g1h1,,69,4
1,0,1,v6.1-stack,P22,middlegame,5,14.892,g1h1,,69,5
1,0,1,v6.1-stack,P22,middlegame,6,32.153,g1h1,,69,6
1,0,1,v6.1-stack,P23,middlegame,4,4.488,e7f6,,33,4
1,0,1,v6.1-stack,P23,middlegame,5,8.600,f8e8,,33,5
1,0,1,v6.1-stack,P23,middlegame,6,28.571,e7d6,,33,6
1,0,1,v6.1-stack,P24,middlegame,4,8.418,b5c6,,156,4
1,0,1,v6.1-stack,P24,middlegame,5,13.970,b5c6,,156,5
1,0,1,v6.1-stack,P24,middlegame,6,37.787,b5c6,,156,6
1,0,1,v6.1-stack,P25,middlegame,4,4.493,d7f6,,-100,4
1,0,1,v6.1-stack,P25,middlegame,5,12.237,d7b6,,-100,5
1,0,1,v6.1-stack,P25,middlegame,6,19.607,d7b6,,-100,6
1,0,1,v6.1-stack,P26,middlegame,4,3.619,g8g7,,-298,4
1,0,1,v6.1-stack,P26,middlegame,5,6.970,g8g7,,-298,5
1,0,1,v6.1-stack,P26,middlegame,6,17.716,g8g7,,-298,6
1,0,1,v6.1-stack,P27,middlegame,4,3.654,b4c6,,-98,4
1,0,1,v6.1-stack,P27,middlegame,5,5.982,b4c6,,-98,5
1,0,1,v6.1-stack,P27,middlegame,6,18.505,b4c6,,-98,6
1,0,1,v6.1-stack,P28,middlegame,4,4.518,c3d3,,-86,4
1,0,1,v6.1-stack,P28,middlegame,5,6.906,c3d3,,-86,5
1,0,1,v6.1-stack,P28,middlegame,6,14.848,c3d3,,-86,6
1,0,1,v6.1-stack,P29,middlegame,4,5.404,d8e8,,-52,4
1,0,1,v6.1-stack,P29,middlegame,5,12.064,c8b8,,-52,5
1,0,1,v6.1-stack,P29,middlegame,6,23.299,d8e8,,-52,6
1,0,1,v6.1-stack,P30,middlegame,4,4.929,a6b4,,-100,4
1,0,1,v6.1-stack,P30,middlegame,5,16.703,f5f4,,-100,5
1,0,1,v6.1-stack,P30,middlegame,6,31.530,f5f4,,-100,6
1,0,1,v6.1-stack,P31,endgame,4,2.385,c5g1,,-280,4
1,0,1,v6.1-stack,P31,endgame,5,2.222,c5g1,,-280,5
1,0,1,v6.1-stack,P31,endgame,6,3.676,c5g1,,-280,6
1,0,1,v6.1-stack,P32,endgame,4,2.162,f2e3,,156,4
1,0,1,v6.1-stack,P32,endgame,5,3.539,f2e3,,156,5
1,0,1,v6.1-stack,P32,endgame,6,6.700,f2e3,,156,6
1,0,1,v6.1-stack,P33,endgame,4,2.984,b4a4,,-113,4
1,0,1,v6.1-stack,P33,endgame,5,3.872,b4a4,,-113,5
1,0,1,v6.1-stack,P33,endgame,6,7.293,b4a4,,-113,6
1,0,1,v6.1-stack,P34,endgame,4,1.593,a5a8,,341,4
1,0,1,v6.1-stack,P34,endgame,5,1.761,a5a8,,341,5
1,0,1,v6.1-stack,P34,endgame,6,2.318,a5a8,,341,6
1,0,1,v6.1-stack,P35,endgame,4,3.046,f2g1,,36,4
1,0,1,v6.1-stack,P35,endgame,5,6.786,f2g1,,36,5
1,0,1,v6.1-stack,P35,endgame,6,11.681,f2g1,,36,6
1,0,1,v6.1-stack,P36,endgame,4,2.367,g1f2,,-23,4
1,0,1,v6.1-stack,P36,endgame,5,3.329,g1f2,,-23,5
1,0,1,v6.1-stack,P36,endgame,6,6.025,g1f2,,-23,6
1,0,1,v6.1-stack,P37,endgame,4,2.063,g3g7,,23,4
1,0,1,v6.1-stack,P37,endgame,5,3.062,g3g7,,23,5
1,0,1,v6.1-stack,P37,endgame,6,5.166,g3g7,,23,6
1,0,1,v6.1-stack,P38,endgame,4,2.071,a4b5,,-15,4
1,0,1,v6.1-stack,P38,endgame,5,2.454,a4b5,,-15,5
1,0,1,v6.1-stack,P38,endgame,6,4.205,a4b5,,-15,6
1,0,1,v6.1-stack,P39,endgame,4,2.112,d2g2,,-37,4
1,0,1,v6.1-stack,P39,endgame,5,2.953,d2g2,,-37,5
1,0,1,v6.1-stack,P39,endgame,6,9.554,d2a2,,-37,6
1,0,1,v6.1-stack,P40,endgame,4,4.587,e3e8,,99,4
1,0,1,v6.1-stack,P40,endgame,5,6.176,e3e8,,99,5
1,0,1,v6.1-stack,P40,endgame,6,16.764,a4a5,,99,6
2,0,0,v6.1-stack,P01,opening,4,7.432,g8f6,,-53,4
2,0,0,v6.1-stack,P01,opening,5,9.217,g8f6,,-53,5
2,0,0,v6.1-stack,P01,opening,6,23.659,b8c6,,-53,6
2,0,0,v6.1-stack,P02,opening,4,4.610,b8c6,,20,4
2,0,0,v6.1-stack,P02,opening,5,16.892,e8g8,,20,5
2,0,0,v6.1-stack,P02,opening,6,48.280,d8a5,,20,6
2,0,0,v6.1-stack,P03,opening,4,6.913,a7a5,,27,4
2,0,0,v6.1-stack,P03,opening,5,17.040,c8e6,,27,5
2,0,0,v6.1-stack,P03,opening,6,39.662,a7a5,,27,6
2,0,0,v6.1-stack,P04,opening,4,5.057,e1g1,,18,4
2,0,0,v6.1-stack,P04,opening,5,16.532,d4e5,,18,5
2,0,0,v6.1-stack,P04,opening,6,26.779,d4e5,,18,6
2,0,0,v6.1-stack,P05,opening,4,4.306,e1g1,,-11,4
2,0,0,v6.1-stack,P05,opening,5,10.405,e1g1,,-11,5
2,0,0,v6.1-stack,P05,opening,6,36.591,e1g1,,-11,6
2,0,0,v6.1-stack,P06,opening,4,5.939,f1c4,,-19,4
2,0,0,v6.1-stack,P06,opening,5,9.439,f1c4,,-19,5
2,0,0,v6.1-stack,P06,opening,6,31.018,f1c4,,-19,6
2,0,0,v6.1-stack,P07,opening,4,4.281,d6b6,,-26,4
2,0,0,v6.1-stack,P07,opening,5,19.089,g8f6,,-26,5
2,0,0,v6.1-stack,P07,opening,6,24.435,g8f6,,-26,6
2,0,0,v6.1-stack,P08,opening,4,3.728,g8f6,,19,4
2,0,0,v6.1-stack,P08,opening,5,8.722,g8f6,,19,5
2,0,0,v6.1-stack,P08,opening,6,31.552,b8c6,,19,6
2,0,0,v6.1-stack,P09,opening,4,6.588,e3e4,,158,4
2,0,0,v6.1-stack,P09,opening,5,10.616,d3c2,,158,5
2,0,0,v6.1-stack,P09,opening,6,40.332,d3c2,,158,6
2,0,0,v6.1-stack,P10,opening,4,4.724,e7e5,,13,4
2,0,0,v6.1-stack,P10,opening,5,12.890,e7e5,,13,5
2,0,0,v6.1-stack,P10,opening,6,22.805,e7e5,,13,6
2,0,0,v6.1-stack,P11,opening,4,4.249,f1d3,,-55,4
2,0,0,v6.1-stack,P11,opening,5,8.454,e4d5,,-55,5
2,0,0,v6.1-stack,P11,opening,6,27.657,e4e5,,-55,6
2,0,0,v6.1-stack,P12,opening,4,6.080,c8d7,,-14,4
2,0,0,v6.1-stack,P12,opening,5,9.497,c8d7,,-14,5
2,0,0,v6.1-stack,P12,opening,6,19.083,c8d7,,-14,6
2,0,0,v6.1-stack,P13,opening,4,2.722,b8c6,,-1,4
2,0,0,v6.1-stack,P13,opening,5,3.938,b8c6,,-1,5
2,0,0,v6.1-stack,P13,opening,6,17.243,e7e6,,-1,6
2,0,0,v6.1-stack,P14,opening,4,3.446,c6d4,,-37,4
2,0,0,v6.1-stack,P14,opening,5,9.154,c6d4,,-37,5
2,0,0,v6.1-stack,P14,opening,6,26.116,c6d4,,-37,6
2,0,0,v6.1-stack,P15,middlegame,4,6.527,h4g3,,76,4
2,0,0,v6.1-stack,P15,middlegame,5,12.735,h4g3,,76,5
2,0,0,v6.1-stack,P15,middlegame,6,32.920,h4g3,,76,6
2,0,0,v6.1-stack,P16,middlegame,4,3.340,a6a5,,-97,4
2,0,0,v6.1-stack,P16,middlegame,5,8.946,a6a5,,-97,5
2,0,0,v6.1-stack,P16,middlegame,6,27.778,c8b7,,-97,6
2,0,0,v6.1-stack,P17,middlegame,4,5.597,c6b4,,-124,4
2,0,0,v6.1-stack,P17,middlegame,5,11.150,c6b4,,-124,5
2,0,0,v6.1-stack,P17,middlegame,6,39.734,e7f5,,-124,6
2,0,0,v6.1-stack,P18,middlegame,4,4.943,c1a3,,117,4
2,0,0,v6.1-stack,P18,middlegame,5,15.024,c1e3,,117,5
2,0,0,v6.1-stack,P18,middlegame,6,32.765,c1e3,,117,6
2,0,0,v6.1-stack,P19,middlegame,4,2.152,c4d5,,-197,4
2,0,0,v6.1-stack,P19,middlegame,5,2.797,c4d5,,-197,5
2,0,0,v6.1-stack,P19,middlegame,6,3.870,c4d5,,-197,6
2,0,0,v6.1-stack,P20,middlegame,4,4.266,h7h6,,40,4
2,0,0,v6.1-stack,P20,middlegame,5,13.425,h7h6,,40,5
2,0,0,v6.1-stack,P20,middlegame,6,49.100,d8d7,,40,6
2,0,0,v6.1-stack,P21,middlegame,4,6.218,e7d5,,-46,4
2,0,0,v6.1-stack,P21,middlegame,5,10.750,e7d5,,-46,5
2,0,0,v6.1-stack,P21,middlegame,6,35.185,e7d5,,-46,6
2,0,0,v6.1-stack,P22,middlegame,4,8.394,g1h1,,69,4
2,0,0,v6.1-stack,P22,middlegame,5,14.762,g1h1,,69,5
2,0,0,v6.1-stack,P22,middlegame,6,32.243,g1h1,,69,6
2,0,0,v6.1-stack,P23,middlegame,4,4.646,e7f6,,33,4
2,0,0,v6.1-stack,P23,middlegame,5,8.387,f8e8,,33,5
2,0,0,v6.1-stack,P23,middlegame,6,28.984,e7d6,,33,6
2,0,0,v6.1-stack,P24,middlegame,4,8.454,b5c6,,156,4
2,0,0,v6.1-stack,P24,middlegame,5,13.588,b5c6,,156,5
2,0,0,v6.1-stack,P24,middlegame,6,37.745,b5c6,,156,6
2,0,0,v6.1-stack,P25,middlegame,4,4.396,d7f6,,-100,4
2,0,0,v6.1-stack,P25,middlegame,5,12.534,d7b6,,-100,5
2,0,0,v6.1-stack,P25,middlegame,6,19.795,d7b6,,-100,6
2,0,0,v6.1-stack,P26,middlegame,4,3.780,g8g7,,-298,4
2,0,0,v6.1-stack,P26,middlegame,5,6.895,g8g7,,-298,5
2,0,0,v6.1-stack,P26,middlegame,6,17.579,g8g7,,-298,6
2,0,0,v6.1-stack,P27,middlegame,4,3.657,b4c6,,-98,4
2,0,0,v6.1-stack,P27,middlegame,5,6.200,b4c6,,-98,5
2,0,0,v6.1-stack,P27,middlegame,6,18.401,b4c6,,-98,6
2,0,0,v6.1-stack,P28,middlegame,4,4.434,c3d3,,-86,4
2,0,0,v6.1-stack,P28,middlegame,5,7.044,c3d3,,-86,5
2,0,0,v6.1-stack,P28,middlegame,6,14.941,c3d3,,-86,6
2,0,0,v6.1-stack,P29,middlegame,4,5.418,d8e8,,-52,4
2,0,0,v6.1-stack,P29,middlegame,5,12.166,c8b8,,-52,5
2,0,0,v6.1-stack,P29,middlegame,6,23.315,d8e8,,-52,6
2,0,0,v6.1-stack,P30,middlegame,4,4.921,a6b4,,-100,4
2,0,0,v6.1-stack,P30,middlegame,5,17.107,f5f4,,-100,5
2,0,0,v6.1-stack,P30,middlegame,6,31.787,f5f4,,-100,6
2,0,0,v6.1-stack,P31,endgame,4,2.368,c5g1,,-280,4
2,0,0,v6.1-stack,P31,endgame,5,2.216,c5g1,,-280,5
2,0,0,v6.1-stack,P31,endgame,6,3.938,c5g1,,-280,6
2,0,0,v6.1-stack,P32,endgame,4,2.131,f2e3,,156,4
2,0,0,v6.1-stack,P32,endgame,5,3.528,f2e3,,156,5
2,0,0,v6.1-stack,P32,endgame,6,6.888,f2e3,,156,6
2,0,0,v6.1-stack,P33,endgame,4,2.845,b4a4,,-113,4
2,0,0,v6.1-stack,P33,endgame,5,3.838,b4a4,,-113,5
2,0,0,v6.1-stack,P33,endgame,6,7.518,b4a4,,-113,6
2,0,0,v6.1-stack,P34,endgame,4,1.584,a5a8,,341,4
2,0,0,v6.1-stack,P34,endgame,5,1.881,a5a8,,341,5
2,0,0,v6.1-stack,P34,endgame,6,2.242,a5a8,,341,6
2,0,0,v6.1-stack,P35,endgame,4,3.284,f2g1,,36,4
2,0,0,v6.1-stack,P35,endgame,5,6.848,f2g1,,36,5
2,0,0,v6.1-stack,P35,endgame,6,11.461,f2g1,,36,6
2,0,0,v6.1-stack,P36,endgame,4,2.411,g1f2,,-23,4
2,0,0,v6.1-stack,P36,endgame,5,3.045,g1f2,,-23,5
2,0,0,v6.1-stack,P36,endgame,6,6.252,g1f2,,-23,6
2,0,0,v6.1-stack,P37,endgame,4,2.106,g3g7,,23,4
2,0,0,v6.1-stack,P37,endgame,5,2.942,g3g7,,23,5
2,0,0,v6.1-stack,P37,endgame,6,5.364,g3g7,,23,6
2,0,0,v6.1-stack,P38,endgame,4,2.008,a4b5,,-15,4
2,0,0,v6.1-stack,P38,endgame,5,2.426,a4b5,,-15,5
2,0,0,v6.1-stack,P38,endgame,6,3.963,a4b5,,-15,6
2,0,0,v6.1-stack,P39,endgame,4,2.232,d2g2,,-37,4
2,0,0,v6.1-stack,P39,endgame,5,2.914,d2g2,,-37,5
2,0,0,v6.1-stack,P39,endgame,6,9.443,d2a2,,-37,6
2,0,0,v6.1-stack,P40,endgame,4,4.534,e3e8,,99,4
2,0,0,v6.1-stack,P40,endgame,5,5.964,e3e8,,99,5
2,0,0,v6.1-stack,P40,endgame,6,16.813,a4a5,,99,6
2,0,1,v7-new,P01,opening,4,3.939,g8f6,-37,-53,4
2,0,1,v7-new,P01,opening,5,7.642,g8f6,-22,-53,5
2,0,1,v7-new,P01,opening,6,22.802,b8c6,-29,-53,6
2,0,1,v7-new,P02,opening,4,3.132,b8c6,103,20,4
2,0,1,v7-new,P02,opening,5,15.956,e8g8,71,20,5
2,0,1,v7-new,P02,opening,6,47.148,d8a5,60,20,6
2,0,1,v7-new,P03,opening,4,5.073,a7a5,34,27,4
2,0,1,v7-new,P03,opening,5,16.383,c8e6,42,27,5
2,0,1,v7-new,P03,opening,6,40.134,a7a5,24,27,6
2,0,1,v7-new,P04,opening,4,3.542,e1g1,132,18,4
2,0,1,v7-new,P04,opening,5,16.230,d4e5,153,18,5
2,0,1,v7-new,P04,opening,6,26.259,d4e5,134,18,6
2,0,1,v7-new,P05,opening,4,2.858,e1g1,140,-11,4
2,0,1,v7-new,P05,opening,5,9.070,e1g1,124,-11,5
2,0,1,v7-new,P05,opening,6,36.299,e1g1,103,-11,6
2,0,1,v7-new,P06,opening,4,4.360,f1c4,-19,-19,4
2,0,1,v7-new,P06,opening,5,8.335,f1c4,21,-19,5
2,0,1,v7-new,P06,opening,6,31.679,f1c4,-16,-19,6
2,0,1,v7-new,P07,opening,4,2.828,d6b6,3,-26,4
2,0,1,v7-new,P07,opening,5,18.548,g8f6,95,-26,5
2,0,1,v7-new,P07,opening,6,24.084,g8f6,37,-26,6
2,0,1,v7-new,P08,opening,4,2.183,g8f6,20,19,4
2,0,1,v7-new,P08,opening,5,7.335,g8f6,57,19,5
2,0,1,v7-new,P08,opening,6,30.707,b8c6,29,19,6
2,0,1,v7-new,P09,opening,4,5.389,e3e4,95,158,4
2,0,1,v7-new,P09,opening,5,9.826,d3c2,97,158,5
2,0,1,v7-new,P09,opening,6,41.533,d3c2,80,158,6
2,0,1,v7-new,P10,opening,4,3.132,e7e5,27,13,4
2,0,1,v7-new,P10,opening,5,12.263,e7e5,64,13,5
2,0,1,v7-new,P10,opening,6,22.427,e7e5,39,13,6
2,0,1,v7-new,P11,opening,4,2.938,f1d3,-62,-55,4
2,0,1,v7-new,P11,opening,5,7.536,e4d5,-51,-55,5
2,0,1,v7-new,P11,opening,6,27.599,e4e5,-53,-55,6
2,0,1,v7-new,P12,opening,4,4.959,c8d7,-90,-14,4
2,0,1,v7-new,P12,opening,5,8.725,c8d7,-55,-14,5
2,0,1,v7-new,P12,opening,6,19.360,c8d7,-69,-14,6
2,0,1,v7-new,P13,opening,4,1.374,b8c6,-55,-1,4
2,0,1,v7-new,P13,opening,5,2.481,b8c6,-19,-1,5
2,0,1,v7-new,P13,opening,6,16.355,e7e6,-6,-1,6
2,0,1,v7-new,P14,opening,4,2.212,c6d4,73,-37,4
2,0,1,v7-new,P14,opening,5,8.264,c6d4,48,-37,5
2,0,1,v7-new,P14,opening,6,26.365,c6d4,53,-37,6
2,0,1,v7-new,P15,middlegame,4,4.980,h4g3,77,76,4
2,0,1,v7-new,P15,middlegame,5,11.696,h4g3,71,76,5
2,0,1,v7-new,P15,middlegame,6,33.180,h4g3,60,76,6
2,0,1,v7-new,P16,middlegame,4,1.825,a6a5,-71,-97,4
2,0,1,v7-new,P16,middlegame,5,7.859,a6a5,-73,-97,5
2,0,1,v7-new,P16,middlegame,6,27.404,c8b7,-67,-97,6
2,0,1,v7-new,P17,middlegame,4,3.991,c6b4,-84,-124,4
2,0,1,v7-new,P17,middlegame,5,10.607,c6b4,-79,-124,5
2,0,1,v7-new,P17,middlegame,6,39.304,e7f5,-83,-124,6
2,0,1,v7-new,P18,middlegame,4,3.389,c1a3,136,117,4
2,0,1,v7-new,P18,middlegame,5,14.003,c1e3,132,117,5
2,0,1,v7-new,P18,middlegame,6,32.371,c1e3,144,117,6
2,0,1,v7-new,P19,middlegame,4,0.510,c4d5,138,-197,4
2,0,1,v7-new,P19,middlegame,5,1.644,c4d5,156,-197,5
2,0,1,v7-new,P19,middlegame,6,2.791,c4d5,155,-197,6
2,0,1,v7-new,P20,middlegame,4,3.170,h7h6,48,40,4
2,0,1,v7-new,P20,middlegame,5,12.711,h7h6,19,40,5
2,0,1,v7-new,P20,middlegame,6,49.328,d8d7,14,40,6
2,0,1,v7-new,P21,middlegame,4,4.416,e7d5,6,-46,4
2,0,1,v7-new,P21,middlegame,5,9.649,e7d5,11,-46,5
2,0,1,v7-new,P21,middlegame,6,34.993,e7d5,-16,-46,6
2,0,1,v7-new,P22,middlegame,4,6.816,g1h1,31,69,4
2,0,1,v7-new,P22,middlegame,5,13.968,g1h1,31,69,5
2,0,1,v7-new,P22,middlegame,6,32.308,g1h1,31,69,6
2,0,1,v7-new,P23,middlegame,4,3.079,e7f6,50,33,4
2,0,1,v7-new,P23,middlegame,5,7.228,f8e8,44,33,5
2,0,1,v7-new,P23,middlegame,6,28.102,e7d6,48,33,6
2,0,1,v7-new,P24,middlegame,4,6.837,b5c6,132,156,4
2,0,1,v7-new,P24,middlegame,5,12.511,b5c6,153,156,5
2,0,1,v7-new,P24,middlegame,6,37.668,b5c6,145,156,6
2,0,1,v7-new,P25,middlegame,4,2.739,d7f6,-86,-100,4
2,0,1,v7-new,P25,middlegame,5,11.408,d7b6,-69,-100,5
2,0,1,v7-new,P25,middlegame,6,18.793,d7b6,-69,-100,6
2,0,1,v7-new,P26,middlegame,4,2.349,g8g7,-54,-298,4
2,0,1,v7-new,P26,middlegame,5,6.033,g8g7,-75,-298,5
2,0,1,v7-new,P26,middlegame,6,16.934,g8g7,-73,-298,6
2,0,1,v7-new,P27,middlegame,4,2.317,b4c6,-90,-98,4
2,0,1,v7-new,P27,middlegame,5,4.790,b4c6,-90,-98,5
2,0,1,v7-new,P27,middlegame,6,17.428,b4c6,-102,-98,6
2,0,1,v7-new,P28,middlegame,4,3.239,c3d3,-86,-86,4
2,0,1,v7-new,P28,middlegame,5,5.942,c3d3,-78,-86,5
2,0,1,v7-new,P28,middlegame,6,14.657,c3d3,-80,-86,6
2,0,1,v7-new,P29,middlegame,4,4.321,d8e8,-54,-52,4
2,0,1,v7-new,P29,middlegame,5,11.507,c8b8,-42,-52,5
2,0,1,v7-new,P29,middlegame,6,22.936,d8e8,-42,-52,6
2,0,1,v7-new,P30,middlegame,4,3.655,a6b4,-102,-100,4
2,0,1,v7-new,P30,middlegame,5,16.130,f5f4,-55,-100,5
2,0,1,v7-new,P30,middlegame,6,30.894,f5f4,-84,-100,6
2,0,1,v7-new,P31,endgame,4,0.798,c5g1,70,-280,4
2,0,1,v7-new,P31,endgame,5,1.158,c5g1,70,-280,5
2,0,1,v7-new,P31,endgame,6,2.681,c5g1,70,-280,6
2,0,1,v7-new,P32,endgame,4,0.904,f2e3,164,156,4
2,0,1,v7-new,P32,endgame,5,2.384,f2e3,167,156,5
2,0,1,v7-new,P32,endgame,6,5.469,f2e3,169,156,6
2,0,1,v7-new,P33,endgame,4,1.716,b4a4,-90,-113,4
2,0,1,v7-new,P33,endgame,5,2.677,b4a4,-74,-113,5
2,0,1,v7-new,P33,endgame,6,6.466,b4a4,-137,-113,6
2,0,1,v7-new,P34,endgame,4,0.319,a5a8,360,341,4
2,0,1,v7-new,P34,endgame,5,0.584,a5a8,371,341,5
2,0,1,v7-new,P34,endgame,6,1.084,a5a8,371,341,6
2,0,1,v7-new,P35,endgame,4,1.850,f2g1,20,36,4
2,0,1,v7-new,P35,endgame,5,5.725,f2g1,34,36,5
2,0,1,v7-new,P35,endgame,6,10.236,f2g1,34,36,6
2,0,1,v7-new,P36,endgame,4,1.127,g1f2,0,-23,4
2,0,1,v7-new,P36,endgame,5,1.984,g1f2,-5,-23,5
2,0,1,v7-new,P36,endgame,6,5.236,g1f2,-15,-23,6
2,0,1,v7-new,P37,endgame,4,0.836,g3g7,57,23,4
2,0,1,v7-new,P37,endgame,5,1.735,g3g7,56,23,5
2,0,1,v7-new,P37,endgame,6,3.989,g3g7,48,23,6
2,0,1,v7-new,P38,endgame,4,0.788,a4b5,59,-15,4
2,0,1,v7-new,P38,endgame,5,1.200,a4b5,97,-15,5
2,0,1,v7-new,P38,endgame,6,2.752,a4b5,86,-15,6
2,0,1,v7-new,P39,endgame,4,0.872,d2g2,-20,-37,4
2,0,1,v7-new,P39,endgame,5,1.829,d2g2,-13,-37,5
2,0,1,v7-new,P39,endgame,6,8.168,d2a2,-16,-37,6
2,0,1,v7-new,P40,endgame,4,3.456,e3e8,122,99,4
2,0,1,v7-new,P40,endgame,5,5.001,e3e8,151,99,5
2,0,1,v7-new,P40,endgame,6,16.126,a4a5,145,99,6
3,0,0,v7-new,P01,opening,4,3.886,g8f6,-37,-53,4
3,0,0,v7-new,P01,opening,5,7.649,g8f6,-22,-53,5
3,0,0,v7-new,P01,opening,6,22.717,b8c6,-29,-53,6
3,0,0,v7-new,P02,opening,4,3.138,b8c6,103,20,4
3,0,0,v7-new,P02,opening,5,16.182,e8g8,71,20,5
3,0,0,v7-new,P02,opening,6,47.546,d8a5,60,20,6
3,0,0,v7-new,P03,opening,4,5.077,a7a5,34,27,4
3,0,0,v7-new,P03,opening,5,16.231,c8e6,42,27,5
3,0,0,v7-new,P03,opening,6,40.147,a7a5,24,27,6
3,0,0,v7-new,P04,opening,4,3.656,e1g1,132,18,4
3,0,0,v7-new,P04,opening,5,16.040,d4e5,153,18,5
3,0,0,v7-new,P04,opening,6,26.390,d4e5,134,18,6
3,0,0,v7-new,P05,opening,4,2.940,e1g1,140,-11,4
3,0,0,v7-new,P05,opening,5,9.307,e1g1,124,-11,5
3,0,0,v7-new,P05,opening,6,36.637,e1g1,103,-11,6
3,0,0,v7-new,P06,opening,4,4.384,f1c4,-19,-19,4
3,0,0,v7-new,P06,opening,5,8.200,f1c4,21,-19,5
3,0,0,v7-new,P06,opening,6,31.707,f1c4,-16,-19,6
3,0,0,v7-new,P07,opening,4,2.807,d6b6,3,-26,4
3,0,0,v7-new,P07,opening,5,18.533,g8f6,95,-26,5
3,0,0,v7-new,P07,opening,6,23.996,g8f6,37,-26,6
3,0,0,v7-new,P08,opening,4,2.235,g8f6,20,19,4
3,0,0,v7-new,P08,opening,5,7.466,g8f6,57,19,5
3,0,0,v7-new,P08,opening,6,30.628,b8c6,29,19,6
3,0,0,v7-new,P09,opening,4,5.276,e3e4,95,158,4
3,0,0,v7-new,P09,opening,5,9.974,d3c2,97,158,5
3,0,0,v7-new,P09,opening,6,41.857,d3c2,80,158,6
3,0,0,v7-new,P10,opening,4,3.345,e7e5,27,13,4
3,0,0,v7-new,P10,opening,5,11.866,e7e5,64,13,5
3,0,0,v7-new,P10,opening,6,22.531,e7e5,39,13,6
3,0,0,v7-new,P11,opening,4,2.853,f1d3,-62,-55,4
3,0,0,v7-new,P11,opening,5,7.686,e4d5,-51,-55,5
3,0,0,v7-new,P11,opening,6,27.631,e4e5,-53,-55,6
3,0,0,v7-new,P12,opening,4,5.029,c8d7,-90,-14,4
3,0,0,v7-new,P12,opening,5,8.652,c8d7,-55,-14,5
3,0,0,v7-new,P12,opening,6,19.506,c8d7,-69,-14,6
3,0,0,v7-new,P13,opening,4,1.331,b8c6,-55,-1,4
3,0,0,v7-new,P13,opening,5,2.553,b8c6,-19,-1,5
3,0,0,v7-new,P13,opening,6,16.678,e7e6,-6,-1,6
3,0,0,v7-new,P14,opening,4,2.246,c6d4,73,-37,4
3,0,0,v7-new,P14,opening,5,8.453,c6d4,48,-37,5
3,0,0,v7-new,P14,opening,6,26.253,c6d4,53,-37,6
3,0,0,v7-new,P15,middlegame,4,5.181,h4g3,77,76,4
3,0,0,v7-new,P15,middlegame,5,11.774,h4g3,71,76,5
3,0,0,v7-new,P15,middlegame,6,33.462,h4g3,60,76,6
3,0,0,v7-new,P16,middlegame,4,1.821,a6a5,-71,-97,4
3,0,0,v7-new,P16,middlegame,5,7.964,a6a5,-73,-97,5
3,0,0,v7-new,P16,middlegame,6,27.694,c8b7,-67,-97,6
3,0,0,v7-new,P17,middlegame,4,3.954,c6b4,-84,-124,4
3,0,0,v7-new,P17,middlegame,5,10.467,c6b4,-79,-124,5
3,0,0,v7-new,P17,middlegame,6,39.573,e7f5,-83,-124,6
3,0,0,v7-new,P18,middlegame,4,3.317,c1a3,136,117,4
3,0,0,v7-new,P18,middlegame,5,13.872,c1e3,132,117,5
3,0,0,v7-new,P18,middlegame,6,32.433,c1e3,144,117,6
3,0,0,v7-new,P19,middlegame,4,0.515,c4d5,138,-197,4
3,0,0,v7-new,P19,middlegame,5,1.620,c4d5,156,-197,5
3,0,0,v7-new,P19,middlegame,6,2.757,c4d5,155,-197,6
3,0,0,v7-new,P20,middlegame,4,3.296,h7h6,48,40,4
3,0,0,v7-new,P20,middlegame,5,12.581,h7h6,19,40,5
3,0,0,v7-new,P20,middlegame,6,49.354,d8d7,14,40,6
3,0,0,v7-new,P21,middlegame,4,4.400,e7d5,6,-46,4
3,0,0,v7-new,P21,middlegame,5,9.618,e7d5,11,-46,5
3,0,0,v7-new,P21,middlegame,6,35.748,e7d5,-16,-46,6
3,0,0,v7-new,P22,middlegame,4,6.722,g1h1,31,69,4
3,0,0,v7-new,P22,middlegame,5,14.043,g1h1,31,69,5
3,0,0,v7-new,P22,middlegame,6,32.297,g1h1,31,69,6
3,0,0,v7-new,P23,middlegame,4,2.971,e7f6,50,33,4
3,0,0,v7-new,P23,middlegame,5,7.446,f8e8,44,33,5
3,0,0,v7-new,P23,middlegame,6,28.198,e7d6,48,33,6
3,0,0,v7-new,P24,middlegame,4,6.766,b5c6,132,156,4
3,0,0,v7-new,P24,middlegame,5,12.832,b5c6,153,156,5
3,0,0,v7-new,P24,middlegame,6,37.761,b5c6,145,156,6
3,0,0,v7-new,P25,middlegame,4,2.906,d7f6,-86,-100,4
3,0,0,v7-new,P25,middlegame,5,11.362,d7b6,-69,-100,5
3,0,0,v7-new,P25,middlegame,6,18.873,d7b6,-69,-100,6
3,0,0,v7-new,P26,middlegame,4,2.320,g8g7,-54,-298,4
3,0,0,v7-new,P26,middlegame,5,6.034,g8g7,-75,-298,5
3,0,0,v7-new,P26,middlegame,6,16.884,g8g7,-73,-298,6
3,0,0,v7-new,P27,middlegame,4,2.318,b4c6,-90,-98,4
3,0,0,v7-new,P27,middlegame,5,4.968,b4c6,-90,-98,5
3,0,0,v7-new,P27,middlegame,6,17.634,b4c6,-102,-98,6
3,0,0,v7-new,P28,middlegame,4,3.110,c3d3,-86,-86,4
3,0,0,v7-new,P28,middlegame,5,6.171,c3d3,-78,-86,5
3,0,0,v7-new,P28,middlegame,6,14.548,c3d3,-80,-86,6
3,0,0,v7-new,P29,middlegame,4,4.249,d8e8,-54,-52,4
3,0,0,v7-new,P29,middlegame,5,11.657,c8b8,-42,-52,5
3,0,0,v7-new,P29,middlegame,6,22.852,d8e8,-42,-52,6
3,0,0,v7-new,P30,middlegame,4,3.486,a6b4,-102,-100,4
3,0,0,v7-new,P30,middlegame,5,16.143,f5f4,-55,-100,5
3,0,0,v7-new,P30,middlegame,6,30.816,f5f4,-84,-100,6
3,0,0,v7-new,P31,endgame,4,0.907,c5g1,70,-280,4
3,0,0,v7-new,P31,endgame,5,1.144,c5g1,70,-280,5
3,0,0,v7-new,P31,endgame,6,2.634,c5g1,70,-280,6
3,0,0,v7-new,P32,endgame,4,0.896,f2e3,164,156,4
3,0,0,v7-new,P32,endgame,5,2.298,f2e3,167,156,5
3,0,0,v7-new,P32,endgame,6,5.633,f2e3,169,156,6
3,0,0,v7-new,P33,endgame,4,1.680,b4a4,-90,-113,4
3,0,0,v7-new,P33,endgame,5,2.672,b4a4,-74,-113,5
3,0,0,v7-new,P33,endgame,6,6.424,b4a4,-137,-113,6
3,0,0,v7-new,P34,endgame,4,0.323,a5a8,360,341,4
3,0,0,v7-new,P34,endgame,5,0.603,a5a8,371,341,5
3,0,0,v7-new,P34,endgame,6,1.024,a5a8,371,341,6
3,0,0,v7-new,P35,endgame,4,1.836,f2g1,20,36,4
3,0,0,v7-new,P35,endgame,5,5.585,f2g1,34,36,5
3,0,0,v7-new,P35,endgame,6,10.279,f2g1,34,36,6
3,0,0,v7-new,P36,endgame,4,1.128,g1f2,0,-23,4
3,0,0,v7-new,P36,endgame,5,2.044,g1f2,-5,-23,5
3,0,0,v7-new,P36,endgame,6,5.147,g1f2,-15,-23,6
3,0,0,v7-new,P37,endgame,4,0.827,g3g7,57,23,4
3,0,0,v7-new,P37,endgame,5,1.758,g3g7,56,23,5
3,0,0,v7-new,P37,endgame,6,4.003,g3g7,48,23,6
3,0,0,v7-new,P38,endgame,4,0.779,a4b5,59,-15,4
3,0,0,v7-new,P38,endgame,5,1.232,a4b5,97,-15,5
3,0,0,v7-new,P38,endgame,6,2.752,a4b5,86,-15,6
3,0,0,v7-new,P39,endgame,4,0.893,d2g2,-20,-37,4
3,0,0,v7-new,P39,endgame,5,1.768,d2g2,-13,-37,5
3,0,0,v7-new,P39,endgame,6,8.286,d2a2,-16,-37,6
3,0,0,v7-new,P40,endgame,4,3.372,e3e8,122,99,4
3,0,0,v7-new,P40,endgame,5,4.976,e3e8,151,99,5
3,0,0,v7-new,P40,endgame,6,16.080,a4a5,145,99,6
3,0,1,v6.1-stack,P01,opening,4,7.544,g8f6,,-53,4
3,0,1,v6.1-stack,P01,opening,5,9.401,g8f6,,-53,5
3,0,1,v6.1-stack,P01,opening,6,23.755,b8c6,,-53,6
3,0,1,v6.1-stack,P02,opening,4,4.568,b8c6,,20,4
3,0,1,v6.1-stack,P02,opening,5,16.885,e8g8,,20,5
3,0,1,v6.1-stack,P02,opening,6,48.359,d8a5,,20,6
3,0,1,v6.1-stack,P03,opening,4,6.938,a7a5,,27,4
3,0,1,v6.1-stack,P03,opening,5,16.829,c8e6,,27,5
3,0,1,v6.1-stack,P03,opening,6,39.697,a7a5,,27,6
3,0,1,v6.1-stack,P04,opening,4,5.180,e1g1,,18,4
3,0,1,v6.1-stack,P04,opening,5,16.801,d4e5,,18,5
3,0,1,v6.1-stack,P04,opening,6,26.856,d4e5,,18,6
3,0,1,v6.1-stack,P05,opening,4,4.337,e1g1,,-11,4
3,0,1,v6.1-stack,P05,opening,5,10.289,e1g1,,-11,5
3,0,1,v6.1-stack,P05,opening,6,36.467,e1g1,,-11,6
3,0,1,v6.1-stack,P06,opening,4,5.938,f1c4,,-19,4
3,0,1,v6.1-stack,P06,opening,5,9.302,f1c4,,-19,5
3,0,1,v6.1-stack,P06,opening,6,30.918,f1c4,,-19,6
3,0,1,v6.1-stack,P07,opening,4,4.196,d6b6,,-26,4
3,0,1,v6.1-stack,P07,opening,5,19.358,g8f6,,-26,5
3,0,1,v6.1-stack,P07,opening,6,24.537,g8f6,,-26,6
3,0,1,v6.1-stack,P08,opening,4,3.633,g8f6,,19,4
3,0,1,v6.1-stack,P08,opening,5,8.535,g8f6,,19,5
3,0,1,v6.1-stack,P08,opening,6,31.253,b8c6,,19,6
3,0,1,v6.1-stack,P09,opening,4,6.638,e3e4,,158,4
3,0,1,v6.1-stack,P09,opening,5,10.574,d3c2,,158,5
3,0,1,v6.1-stack,P09,opening,6,40.089,d3c2,,158,6
3,0,1,v6.1-stack,P10,opening,4,4.902,e7e5,,13,4
3,0,1,v6.1-stack,P10,opening,5,12.912,e7e5,,13,5
3,0,1,v6.1-stack,P10,opening,6,22.736,e7e5,,13,6
3,0,1,v6.1-stack,P11,opening,4,4.240,f1d3,,-55,4
3,0,1,v6.1-stack,P11,opening,5,8.529,e4d5,,-55,5
3,0,1,v6.1-stack,P11,opening,6,27.625,e4e5,,-55,6
3,0,1,v6.1-stack,P12,opening,4,6.065,c8d7,,-14,4
3,0,1,v6.1-stack,P12,opening,5,9.645,c8d7,,-14,5
3,0,1,v6.1-stack,P12,opening,6,18.995,c8d7,,-14,6
3,0,1,v6.1-stack,P13,opening,4,2.854,b8c6,,-1,4
3,0,1,v6.1-stack,P13,opening,5,3.995,b8c6,,-1,5
3,0,1,v6.1-stack,P13,opening,6,17.286,e7e6,,-1,6
3,0,1,v6.1-stack,P14,opening,4,3.448,c6d4,,-37,4
3,0,1,v6.1-stack,P14,opening,5,9.165,c6d4,,-37,5
3,0,1,v6.1-stack,P14,opening,6,26.136,c6d4,,-37,6
3,0,1,v6.1-stack,P15,middlegame,4,6.558,h4g3,,76,4
3,0,1,v6.1-stack,P15,middlegame,5,12.801,h4g3,,76,5
3,0,1,v6.1-stack,P15,middlegame,6,33.325,h4g3,,76,6
3,0,1,v6.1-stack,P16,middlegame,4,3.410,a6a5,,-97,4
3,0,1,v6.1-stack,P16,middlegame,5,8.716,a6a5,,-97,5
3,0,1,v6.1-stack,P16,middlegame,6,28.240,c8b7,,-97,6
3,0,1,v6.1-stack,P17,middlegame,4,5.473,c6b4,,-124,4
3,0,1,v6.1-stack,P17,middlegame,5,11.151,c6b4,,-124,5
3,0,1,v6.1-stack,P17,middlegame,6,39.708,e7f5,,-124,6
3,0,1,v6.1-stack,P18,middlegame,4,4.959,c1a3,,117,4
3,0,1,v6.1-stack,P18,middlegame,5,15.007,c1e3,,117,5
3,0,1,v6.1-stack,P18,middlegame,6,32.581,c1e3,,117,6
3,0,1,v6.1-stack,P19,middlegame,4,2.016,c4d5,,-197,4
3,0,1,v6.1-stack,P19,middlegame,5,3.043,c4d5,,-197,5
3,0,1,v6.1-stack,P19,middlegame,6,3.962,c4d5,,-197,6
3,0,1,v6.1-stack,P20,middlegame,4,4.452,h7h6,,40,4
3,0,1,v6.1-stack,P20,middlegame,5,13.671,h7h6,,40,5
3,0,1,v6.1-stack,P20,middlegame,6,48.719,d8d7,,40,6
3,0,1,v6.1-stack,P21,middlegame,4,6.451,e7d5,,-46,4
3,0,1,v6.1-stack,P21,middlegame,5,10.621,e7d5,,-46,5
3,0,1,v6.1-stack,P21,middlegame,6,35.660,e7d5,,-46,6
3,0,1,v6.1-stack,P22,middlegame,4,8.068,g1h1,,69,4
3,0,1,v6.1-stack,P22,middlegame,5,14.861,g1h1,,69,5
3,0,1,v6.1-stack,P22,middlegame,6,32.444,g1h1,,69,6
3,0,1,v6.1-stack,P23,middlegame,4,4.574,e7f6,,33,4
3,0,1,v6.1-stack,P23,middlegame,5,8.382,f8e8,,33,5
3,0,1,v6.1-stack,P23,middlegame,6,28.942,e7d6,,33,6
3,0,1,v6.1-stack,P24,middlegame,4,8.435,b5c6,,156,4
3,0,1,v6.1-stack,P24,middlegame,5,13.671,b5c6,,156,5
3,0,1,v6.1-stack,P24,middlegame,6,38.324,b5c6,,156,6
3,0,1,v6.1-stack,P25,middlegame,4,4.389,d7f6,,-100,4
3,0,1,v6.1-stack,P25,middlegame,5,12.648,d7b6,,-100,5
3,0,1,v6.1-stack,P25,middlegame,6,19.737,d7b6,,-100,6
3,0,1,v6.1-stack,P26,middlegame,4,3.667,g8g7,,-298,4
3,0,1,v6.1-stack,P26,middlegame,5,6.966,g8g7,,-298,5
3,0,1,v6.1-stack,P26,middlegame,6,17.623,g8g7,,-298,6
3,0,1,v6.1-stack,P27,middlegame,4,3.689,b4c6,,-98,4
3,0,1,v6.1-stack,P27,middlegame,5,5.996,b4c6,,-98,5
3,0,1,v6.1-stack,P27,middlegame,6,18.528,b4c6,,-98,6
3,0,1,v6.1-stack,P28,middlegame,4,4.440,c3d3,,-86,4
3,0,1,v6.1-stack,P28,middlegame,5,7.071,c3d3,,-86,5
3,0,1,v6.1-stack,P28,middlegame,6,14.957,c3d3,,-86,6
3,0,1,v6.1-stack,P29,middlegame,4,5.340,d8e8,,-52,4
3,0,1,v6.1-stack,P29,middlegame,5,12.135,c8b8,,-52,5
3,0,1,v6.1-stack,P29,middlegame,6,23.299,d8e8,,-52,6
3,0,1,v6.1-stack,P30,middlegame,4,4.940,a6b4,,-100,4
3,0,1,v6.1-stack,P30,middlegame,5,16.812,f5f4,,-100,5
3,0,1,v6.1-stack,P30,middlegame,6,31.849,f5f4,,-100,6
3,0,1,v6.1-stack,P31,endgame,4,2.373,c5g1,,-280,4
3,0,1,v6.1-stack,P31,endgame,5,2.237,c5g1,,-280,5
3,0,1,v6.1-stack,P31,endgame,6,3.809,c5g1,,-280,6
3,0,1,v6.1-stack,P32,endgame,4,2.152,f2e3,,156,4
3,0,1,v6.1-stack,P32,endgame,5,3.482,f2e3,,156,5
3,0,1,v6.1-stack,P32,endgame,6,6.886,f2e3,,156,6
3,0,1,v6.1-stack,P33,endgame,4,2.848,b4a4,,-113,4
3,0,1,v6.1-stack,P33,endgame,5,3.769,b4a4,,-113,5
3,0,1,v6.1-stack,P33,endgame,6,7.416,b4a4,,-113,6
3,0,1,v6.1-stack,P34,endgame,4,1.588,a5a8,,341,4
3,0,1,v6.1-stack,P34,endgame,5,1.843,a5a8,,341,5
3,0,1,v6.1-stack,P34,endgame,6,2.253,a5a8,,341,6
3,0,1,v6.1-stack,P35,endgame,4,3.187,f2g1,,36,4
3,0,1,v6.1-stack,P35,endgame,5,6.722,f2g1,,36,5
3,0,1,v6.1-stack,P35,endgame,6,11.615,f2g1,,36,6
3,0,1,v6.1-stack,P36,endgame,4,2.452,g1f2,,-23,4
3,0,1,v6.1-stack,P36,endgame,5,3.119,g1f2,,-23,5
3,0,1,v6.1-stack,P36,endgame,6,6.616,g1f2,,-23,6
3,0,1,v6.1-stack,P37,endgame,4,2.106,g3g7,,23,4
3,0,1,v6.1-stack,P37,endgame,5,2.988,g3g7,,23,5
3,0,1,v6.1-stack,P37,endgame,6,5.410,g3g7,,23,6
3,0,1,v6.1-stack,P38,endgame,4,2.033,a4b5,,-15,4
3,0,1,v6.1-stack,P38,endgame,5,2.426,a4b5,,-15,5
3,0,1,v6.1-stack,P38,endgame,6,4.005,a4b5,,-15,6
3,0,1,v6.1-stack,P39,endgame,4,2.342,d2g2,,-37,4
3,0,1,v6.1-stack,P39,endgame,5,2.974,d2g2,,-37,5
3,0,1,v6.1-stack,P39,endgame,6,9.471,d2a2,,-37,6
3,0,1,v6.1-stack,P40,endgame,4,4.537,e3e8,,99,4
3,0,1,v6.1-stack,P40,endgame,5,6.028,e3e8,,99,5
3,0,1,v6.1-stack,P40,endgame,6,17.292,a4a5,,99,6
4,0,0,v6.1-stack,P01,opening,4,7.313,g8f6,,-53,4
4,0,0,v6.1-stack,P01,opening,5,9.585,g8f6,,-53,5
4,0,0,v6.1-stack,P01,opening,6,23.799,b8c6,,-53,6
4,0,0,v6.1-stack,P02,opening,4,4.566,b8c6,,20,4
4,0,0,v6.1-stack,P02,opening,5,17.058,e8g8,,20,5
4,0,0,v6.1-stack,P02,opening,6,48.563,d8a5,,20,6
4,0,0,v6.1-stack,P03,opening,4,7.022,a7a5,,27,4
4,0,0,v6.1-stack,P03,opening,5,16.762,c8e6,,27,5
4,0,0,v6.1-stack,P03,opening,6,39.604,a7a5,,27,6
4,0,0,v6.1-stack,P04,opening,4,5.214,e1g1,,18,4
4,0,0,v6.1-stack,P04,opening,5,16.589,d4e5,,18,5
4,0,0,v6.1-stack,P04,opening,6,26.639,d4e5,,18,6
4,0,0,v6.1-stack,P05,opening,4,4.331,e1g1,,-11,4
4,0,0,v6.1-stack,P05,opening,5,10.351,e1g1,,-11,5
4,0,0,v6.1-stack,P05,opening,6,36.605,e1g1,,-11,6
4,0,0,v6.1-stack,P06,opening,4,5.920,f1c4,,-19,4
4,0,0,v6.1-stack,P06,opening,5,9.333,f1c4,,-19,5
4,0,0,v6.1-stack,P06,opening,6,30.830,f1c4,,-19,6
4,0,0,v6.1-stack,P07,opening,4,4.227,d6b6,,-26,4
4,0,0,v6.1-stack,P07,opening,5,19.207,g8f6,,-26,5
4,0,0,v6.1-stack,P07,opening,6,24.560,g8f6,,-26,6
4,0,0,v6.1-stack,P08,opening,4,3.622,g8f6,,19,4
4,0,0,v6.1-stack,P08,opening,5,8.555,g8f6,,19,5
4,0,0,v6.1-stack,P08,opening,6,31.081,b8c6,,19,6
4,0,0,v6.1-stack,P09,opening,4,6.534,e3e4,,158,4
4,0,0,v6.1-stack,P09,opening,5,10.800,d3c2,,158,5
4,0,0,v6.1-stack,P09,opening,6,40.148,d3c2,,158,6
4,0,0,v6.1-stack,P10,opening,4,4.954,e7e5,,13,4
4,0,0,v6.1-stack,P10,opening,5,12.869,e7e5,,13,5
4,0,0,v6.1-stack,P10,opening,6,22.894,e7e5,,13,6
4,0,0,v6.1-stack,P11,opening,4,4.275,f1d3,,-55,4
4,0,0,v6.1-stack,P11,opening,5,8.725,e4d5,,-55,5
4,0,0,v6.1-stack,P11,opening,6,28.281,e4e5,,-55,6
4,0,0,v6.1-stack,P12,opening,4,6.044,c8d7,,-14,4
4,0,0,v6.1-stack,P12,opening,5,9.620,c8d7,,-14,5
4,0,0,v6.1-stack,P12,opening,6,19.098,c8d7,,-14,6
4,0,0,v6.1-stack,P13,opening,4,2.713,b8c6,,-1,4
4,0,0,v6.1-stack,P13,opening,5,3.810,b8c6,,-1,5
4,0,0,v6.1-stack,P13,opening,6,17.250,e7e6,,-1,6
4,0,0,v6.1-stack,P14,opening,4,3.469,c6d4,,-37,4
4,0,0,v6.1-stack,P14,opening,5,9.206,c6d4,,-37,5
4,0,0,v6.1-stack,P14,opening,6,26.223,c6d4,,-37,6
4,0,0,v6.1-stack,P15,middlegame,4,6.538,h4g3,,76,4
4,0,0,v6.1-stack,P15,middlegame,5,12.805,h4g3,,76,5
4,0,0,v6.1-stack,P15,middlegame,6,33.459,h4g3,,76,6
4,0,0,v6.1-stack,P16,middlegame,4,3.337,a6a5,,-97,4
4,0,0,v6.1-stack,P16,middlegame,5,8.922,a6a5,,-97,5
4,0,0,v6.1-stack,P16,middlegame,6,28.361,c8b7,,-97,6
4,0,0,v6.1-stack,P17,middlegame,4,5.538,c6b4,,-124,4
4,0,0,v6.1-stack,P17,middlegame,5,11.106,c6b4,,-124,5
4,0,0,v6.1-stack,P17,middlegame,6,39.489,e7f5,,-124,6
4,0,0,v6.1-stack,P18,middlegame,4,4.987,c1a3,,117,4
4,0,0,v6.1-stack,P18,middlegame,5,15.049,c1e3,,117,5
4,0,0,v6.1-stack,P18,middlegame,6,32.709,c1e3,,117,6
4,0,0,v6.1-stack,P19,middlegame,4,2.117,c4d5,,-197,4
4,0,0,v6.1-stack,P19,middlegame,5,2.771,c4d5,,-197,5
4,0,0,v6.1-stack,P19,middlegame,6,3.883,c4d5,,-197,6
4,0,0,v6.1-stack,P20,middlegame,4,4.243,h7h6,,40,4
4,0,0,v6.1-stack,P20,middlegame,5,13.676,h7h6,,40,5
4,0,0,v6.1-stack,P20,middlegame,6,49.121,d8d7,,40,6
4,0,0,v6.1-stack,P21,middlegame,4,6.226,e7d5,,-46,4
4,0,0,v6.1-stack,P21,middlegame,5,10.842,e7d5,,-46,5
4,0,0,v6.1-stack,P21,middlegame,6,35.488,e7d5,,-46,6
4,0,0,v6.1-stack,P22,middlegame,4,8.244,g1h1,,69,4
4,0,0,v6.1-stack,P22,middlegame,5,15.100,g1h1,,69,5
4,0,0,v6.1-stack,P22,middlegame,6,32.268,g1h1,,69,6
4,0,0,v6.1-stack,P23,middlegame,4,4.735,e7f6,,33,4
4,0,0,v6.1-stack,P23,middlegame,5,8.306,f8e8,,33,5
4,0,0,v6.1-stack,P23,middlegame,6,29.559,e7d6,,33,6
4,0,0,v6.1-stack,P24,middlegame,4,8.570,b5c6,,156,4
4,0,0,v6.1-stack,P24,middlegame,5,13.818,b5c6,,156,5
4,0,0,v6.1-stack,P24,middlegame,6,37.623,b5c6,,156,6
4,0,0,v6.1-stack,P25,middlegame,4,4.438,d7f6,,-100,4
4,0,0,v6.1-stack,P25,middlegame,5,12.534,d7b6,,-100,5
4,0,0,v6.1-stack,P25,middlegame,6,19.808,d7b6,,-100,6
4,0,0,v6.1-stack,P26,middlegame,4,3.757,g8g7,,-298,4
4,0,0,v6.1-stack,P26,middlegame,5,6.901,g8g7,,-298,5
4,0,0,v6.1-stack,P26,middlegame,6,17.540,g8g7,,-298,6
4,0,0,v6.1-stack,P27,middlegame,4,3.742,b4c6,,-98,4
4,0,0,v6.1-stack,P27,middlegame,5,5.946,b4c6,,-98,5
4,0,0,v6.1-stack,P27,middlegame,6,18.517,b4c6,,-98,6
4,0,0,v6.1-stack,P28,middlegame,4,4.401,c3d3,,-86,4
4,0,0,v6.1-stack,P28,middlegame,5,6.824,c3d3,,-86,5
4,0,0,v6.1-stack,P28,middlegame,6,14.910,c3d3,,-86,6
4,0,0,v6.1-stack,P29,middlegame,4,5.364,d8e8,,-52,4
4,0,0,v6.1-stack,P29,middlegame,5,12.174,c8b8,,-52,5
4,0,0,v6.1-stack,P29,middlegame,6,23.162,d8e8,,-52,6
4,0,0,v6.1-stack,P30,middlegame,4,4.870,a6b4,,-100,4
4,0,0,v6.1-stack,P30,middlegame,5,16.725,f5f4,,-100,5
4,0,0,v6.1-stack,P30,middlegame,6,31.511,f5f4,,-100,6
4,0,0,v6.1-stack,P31,endgame,4,2.549,c5g1,,-280,4
4,0,0,v6.1-stack,P31,endgame,5,2.205,c5g1,,-280,5
4,0,0,v6.1-stack,P31,endgame,6,3.775,c5g1,,-280,6
4,0,0,v6.1-stack,P32,endgame,4,2.188,f2e3,,156,4
4,0,0,v6.1-stack,P32,endgame,5,3.516,f2e3,,156,5
4,0,0,v6.1-stack,P32,endgame,6,6.794,f2e3,,156,6
4,0,0,v6.1-stack,P33,endgame,4,2.887,b4a4,,-113,4
4,0,0,v6.1-stack,P33,endgame,5,3.810,b4a4,,-113,5
4,0,0,v6.1-stack,P33,endgame,6,7.400,b4a4,,-113,6
4,0,0,v6.1-stack,P34,endgame,4,1.583,a5a8,,341,4
4,0,0,v6.1-stack,P34,endgame,5,1.865,a5a8,,341,5
4,0,0,v6.1-stack,P34,endgame,6,2.208,a5a8,,341,6
4,0,0,v6.1-stack,P35,endgame,4,3.202,f2g1,,36,4
4,0,0,v6.1-stack,P35,endgame,5,6.872,f2g1,,36,5
4,0,0,v6.1-stack,P35,endgame,6,11.438,f2g1,,36,6
4,0,0,v6.1-stack,P36,endgame,4,2.346,g1f2,,-23,4
4,0,0,v6.1-stack,P36,endgame,5,3.042,g1f2,,-23,5
4,0,0,v6.1-stack,P36,endgame,6,6.213,g1f2,,-23,6
4,0,0,v6.1-stack,P37,endgame,4,2.330,g3g7,,23,4
4,0,0,v6.1-stack,P37,endgame,5,3.038,g3g7,,23,5
4,0,0,v6.1-stack,P37,endgame,6,5.380,g3g7,,23,6
4,0,0,v6.1-stack,P38,endgame,4,1.994,a4b5,,-15,4
4,0,0,v6.1-stack,P38,endgame,5,2.451,a4b5,,-15,5
4,0,0,v6.1-stack,P38,endgame,6,4.137,a4b5,,-15,6
4,0,0,v6.1-stack,P39,endgame,4,2.302,d2g2,,-37,4
4,0,0,v6.1-stack,P39,endgame,5,2.917,d2g2,,-37,5
4,0,0,v6.1-stack,P39,endgame,6,9.436,d2a2,,-37,6
4,0,0,v6.1-stack,P40,endgame,4,4.568,e3e8,,99,4
4,0,0,v6.1-stack,P40,endgame,5,5.990,e3e8,,99,5
4,0,0,v6.1-stack,P40,endgame,6,16.891,a4a5,,99,6
4,0,1,v7-new,P01,opening,4,3.873,g8f6,-37,-53,4
4,0,1,v7-new,P01,opening,5,7.757,g8f6,-22,-53,5
4,0,1,v7-new,P01,opening,6,22.848,b8c6,-29,-53,6
4,0,1,v7-new,P02,opening,4,3.304,b8c6,103,20,4
4,0,1,v7-new,P02,opening,5,15.893,e8g8,71,20,5
4,0,1,v7-new,P02,opening,6,47.618,d8a5,60,20,6
4,0,1,v7-new,P03,opening,4,5.061,a7a5,34,27,4
4,0,1,v7-new,P03,opening,5,16.335,c8e6,42,27,5
4,0,1,v7-new,P03,opening,6,40.630,a7a5,24,27,6
4,0,1,v7-new,P04,opening,4,3.596,e1g1,132,18,4
4,0,1,v7-new,P04,opening,5,16.012,d4e5,153,18,5
4,0,1,v7-new,P04,opening,6,26.291,d4e5,134,18,6
4,0,1,v7-new,P05,opening,4,2.880,e1g1,140,-11,4
4,0,1,v7-new,P05,opening,5,9.114,e1g1,124,-11,5
4,0,1,v7-new,P05,opening,6,36.078,e1g1,103,-11,6
4,0,1,v7-new,P06,opening,4,4.346,f1c4,-19,-19,4
4,0,1,v7-new,P06,opening,5,8.187,f1c4,21,-19,5
4,0,1,v7-new,P06,opening,6,31.572,f1c4,-16,-19,6
4,0,1,v7-new,P07,opening,4,2.817,d6b6,3,-26,4
4,0,1,v7-new,P07,opening,5,18.602,g8f6,95,-26,5
4,0,1,v7-new,P07,opening,6,23.809,g8f6,37,-26,6
4,0,1,v7-new,P08,opening,4,2.277,g8f6,20,19,4
4,0,1,v7-new,P08,opening,5,7.301,g8f6,57,19,5
4,0,1,v7-new,P08,opening,6,30.736,b8c6,29,19,6
4,0,1,v7-new,P09,opening,4,5.366,e3e4,95,158,4
4,0,1,v7-new,P09,opening,5,10.118,d3c2,97,158,5
4,0,1,v7-new,P09,opening,6,41.840,d3c2,80,158,6
4,0,1,v7-new,P10,opening,4,3.263,e7e5,27,13,4
4,0,1,v7-new,P10,opening,5,12.125,e7e5,64,13,5
4,0,1,v7-new,P10,opening,6,22.537,e7e5,39,13,6
4,0,1,v7-new,P11,opening,4,2.831,f1d3,-62,-55,4
4,0,1,v7-new,P11,opening,5,7.671,e4d5,-51,-55,5
4,0,1,v7-new,P11,opening,6,27.816,e4e5,-53,-55,6
4,0,1,v7-new,P12,opening,4,4.881,c8d7,-90,-14,4
4,0,1,v7-new,P12,opening,5,8.814,c8d7,-55,-14,5
4,0,1,v7-new,P12,opening,6,19.337,c8d7,-69,-14,6
4,0,1,v7-new,P13,opening,4,1.326,b8c6,-55,-1,4
4,0,1,v7-new,P13,opening,5,2.549,b8c6,-19,-1,5
4,0,1,v7-new,P13,opening,6,16.516,e7e6,-6,-1,6
4,0,1,v7-new,P14,opening,4,2.392,c6d4,73,-37,4
4,0,1,v7-new,P14,opening,5,8.284,c6d4,48,-37,5
4,0,1,v7-new,P14,opening,6,26.610,c6d4,53,-37,6
4,0,1,v7-new,P15,middlegame,4,5.028,h4g3,77,76,4
4,0,1,v7-new,P15,middlegame,5,11.959,h4g3,71,76,5
4,0,1,v7-new,P15,middlegame,6,33.473,h4g3,60,76,6
4,0,1,v7-new,P16,middlegame,4,1.837,a6a5,-71,-97,4
4,0,1,v7-new,P16,middlegame,5,8.002,a6a5,-73,-97,5
4,0,1,v7-new,P16,middlegame,6,27.498,c8b7,-67,-97,6
4,0,1,v7-new,P17,middlegame,4,3.904,c6b4,-84,-124,4
4,0,1,v7-new,P17,middlegame,5,10.379,c6b4,-79,-124,5
4,0,1,v7-new,P17,middlegame,6,39.345,e7f5,-83,-124,6
4,0,1,v7-new,P18,middlegame,4,3.384,c1a3,136,117,4
4,0,1,v7-new,P18,middlegame,5,13.919,c1e3,132,117,5
4,0,1,v7-new,P18,middlegame,6,32.451,c1e3,144,117,6
4,0,1,v7-new,P19,middlegame,4,0.515,c4d5,138,-197,4
4,0,1,v7-new,P19,middlegame,5,1.629,c4d5,156,-197,5
4,0,1,v7-new,P19,middlegame,6,2.773,c4d5,155,-197,6
4,0,1,v7-new,P20,middlegame,4,3.170,h7h6,48,40,4
4,0,1,v7-new,P20,middlegame,5,12.755,h7h6,19,40,5
4,0,1,v7-new,P20,middlegame,6,49.803,d8d7,14,40,6
4,0,1,v7-new,P21,middlegame,4,4.417,e7d5,6,-46,4
4,0,1,v7-new,P21,middlegame,5,9.783,e7d5,11,-46,5
4,0,1,v7-new,P21,middlegame,6,34.969,e7d5,-16,-46,6
4,0,1,v7-new,P22,middlegame,4,6.837,g1h1,31,69,4
4,0,1,v7-new,P22,middlegame,5,13.965,g1h1,31,69,5
4,0,1,v7-new,P22,middlegame,6,32.065,g1h1,31,69,6
4,0,1,v7-new,P23,middlegame,4,2.956,e7f6,50,33,4
4,0,1,v7-new,P23,middlegame,5,7.172,f8e8,44,33,5
4,0,1,v7-new,P23,middlegame,6,28.044,e7d6,48,33,6
4,0,1,v7-new,P24,middlegame,4,6.818,b5c6,132,156,4
4,0,1,v7-new,P24,middlegame,5,12.592,b5c6,153,156,5
4,0,1,v7-new,P24,middlegame,6,37.900,b5c6,145,156,6
4,0,1,v7-new,P25,middlegame,4,2.801,d7f6,-86,-100,4
4,0,1,v7-new,P25,middlegame,5,11.375,d7b6,-69,-100,5
4,0,1,v7-new,P25,middlegame,6,18.945,d7b6,-69,-100,6
4,0,1,v7-new,P26,middlegame,4,2.332,g8g7,-54,-298,4
4,0,1,v7-new,P26,middlegame,5,6.062,g8g7,-75,-298,5
4,0,1,v7-new,P26,middlegame,6,16.893,g8g7,-73,-298,6
4,0,1,v7-new,P27,middlegame,4,2.312,b4c6,-90,-98,4
4,0,1,v7-new,P27,middlegame,5,4.789,b4c6,-90,-98,5
4,0,1,v7-new,P27,middlegame,6,17.369,b4c6,-102,-98,6
4,0,1,v7-new,P28,middlegame,4,3.249,c3d3,-86,-86,4
4,0,1,v7-new,P28,middlegame,5,5.963,c3d3,-78,-86,5
4,0,1,v7-new,P28,middlegame,6,14.586,c3d3,-80,-86,6
4,0,1,v7-new,P29,middlegame,4,4.251,d8e8,-54,-52,4
4,0,1,v7-new,P29,middlegame,5,11.564,c8b8,-42,-52,5
4,0,1,v7-new,P29,middlegame,6,23.209,d8e8,-42,-52,6
4,0,1,v7-new,P30,middlegame,4,3.488,a6b4,-102,-100,4
4,0,1,v7-new,P30,middlegame,5,16.085,f5f4,-55,-100,5
4,0,1,v7-new,P30,middlegame,6,30.957,f5f4,-84,-100,6
4,0,1,v7-new,P31,endgame,4,0.780,c5g1,70,-280,4
4,0,1,v7-new,P31,endgame,5,1.108,c5g1,70,-280,5
4,0,1,v7-new,P31,endgame,6,2.686,c5g1,70,-280,6
4,0,1,v7-new,P32,endgame,4,0.909,f2e3,164,156,4
4,0,1,v7-new,P32,endgame,5,2.367,f2e3,167,156,5
4,0,1,v7-new,P32,endgame,6,5.496,f2e3,169,156,6
4,0,1,v7-new,P33,endgame,4,1.754,b4a4,-90,-113,4
4,0,1,v7-new,P33,endgame,5,2.682,b4a4,-74,-113,5
4,0,1,v7-new,P33,endgame,6,6.472,b4a4,-137,-113,6
4,0,1,v7-new,P34,endgame,4,0.315,a5a8,360,341,4
4,0,1,v7-new,P34,endgame,5,0.595,a5a8,371,341,5
4,0,1,v7-new,P34,endgame,6,1.062,a5a8,371,341,6
4,0,1,v7-new,P35,endgame,4,1.849,f2g1,20,36,4
4,0,1,v7-new,P35,endgame,5,5.912,f2g1,34,36,5
4,0,1,v7-new,P35,endgame,6,10.414,f2g1,34,36,6
4,0,1,v7-new,P36,endgame,4,1.150,g1f2,0,-23,4
4,0,1,v7-new,P36,endgame,5,1.952,g1f2,-5,-23,5
4,0,1,v7-new,P36,endgame,6,5.192,g1f2,-15,-23,6
4,0,1,v7-new,P37,endgame,4,0.842,g3g7,57,23,4
4,0,1,v7-new,P37,endgame,5,1.839,g3g7,56,23,5
4,0,1,v7-new,P37,endgame,6,3.974,g3g7,48,23,6
4,0,1,v7-new,P38,endgame,4,0.766,a4b5,59,-15,4
4,0,1,v7-new,P38,endgame,5,1.233,a4b5,97,-15,5
4,0,1,v7-new,P38,endgame,6,2.725,a4b5,86,-15,6
4,0,1,v7-new,P39,endgame,4,0.951,d2g2,-20,-37,4
4,0,1,v7-new,P39,endgame,5,1.772,d2g2,-13,-37,5
4,0,1,v7-new,P39,endgame,6,8.203,d2a2,-16,-37,6
4,0,1,v7-new,P40,endgame,4,3.521,e3e8,122,99,4
4,0,1,v7-new,P40,endgame,5,4.968,e3e8,151,99,5
4,0,1,v7-new,P40,endgame,6,16.104,a4a5,145,99,6
5,0,0,v7-new,P01,opening,4,3.839,g8f6,-37,-53,4
5,0,0,v7-new,P01,opening,5,7.622,g8f6,-22,-53,5
5,0,0,v7-new,P01,opening,6,22.734,b8c6,-29,-53,6
5,0,0,v7-new,P02,opening,4,3.165,b8c6,103,20,4
5,0,0,v7-new,P02,opening,5,16.154,e8g8,71,20,5
5,0,0,v7-new,P02,opening,6,47.258,d8a5,60,20,6
5,0,0,v7-new,P03,opening,4,5.518,a7a5,34,27,4
5,0,0,v7-new,P03,opening,5,16.327,c8e6,42,27,5
5,0,0,v7-new,P03,opening,6,40.225,a7a5,24,27,6
5,0,0,v7-new,P04,opening,4,3.597,e1g1,132,18,4
5,0,0,v7-new,P04,opening,5,16.098,d4e5,153,18,5
5,0,0,v7-new,P04,opening,6,26.413,d4e5,134,18,6
5,0,0,v7-new,P05,opening,4,2.868,e1g1,140,-11,4
5,0,0,v7-new,P05,opening,5,9.262,e1g1,124,-11,5
5,0,0,v7-new,P05,opening,6,36.203,e1g1,103,-11,6
5,0,0,v7-new,P06,opening,4,4.503,f1c4,-19,-19,4
5,0,0,v7-new,P06,opening,5,8.290,f1c4,21,-19,5
5,0,0,v7-new,P06,opening,6,31.799,f1c4,-16,-19,6
5,0,0,v7-new,P07,opening,4,2.839,d6b6,3,-26,4
5,0,0,v7-new,P07,opening,5,18.758,g8f6,95,-26,5
5,0,0,v7-new,P07,opening,6,24.031,g8f6,37,-26,6
5,0,0,v7-new,P08,opening,4,2.221,g8f6,20,19,4
5,0,0,v7-new,P08,opening,5,7.518,g8f6,57,19,5
5,0,0,v7-new,P08,opening,6,30.855,b8c6,29,19,6
5,0,0,v7-new,P09,opening,4,5.282,e3e4,95,158,4
5,0,0,v7-new,P09,opening,5,10.007,d3c2,97,158,5
5,0,0,v7-new,P09,opening,6,41.862,d3c2,80,158,6
5,0,0,v7-new,P10,opening,4,3.375,e7e5,27,13,4
5,0,0,v7-new,P10,opening,5,11.904,e7e5,64,13,5
5,0,0,v7-new,P10,opening,6,22.512,e7e5,39,13,6
5,0,0,v7-new,P11,opening,4,2.887,f1d3,-62,-55,4
5,0,0,v7-new,P11,opening,5,7.710,e4d5,-51,-55,5
5,0,0,v7-new,P11,opening,6,27.576,e4e5,-53,-55,6
5,0,0,v7-new,P12,opening,4,5.044,c8d7,-90,-14,4
5,0,0,v7-new,P12,opening,5,8.840,c8d7,-55,-14,5
5,0,0,v7-new,P12,opening,6,19.455,c8d7,-69,-14,6
5,0,0,v7-new,P13,opening,4,1.347,b8c6,-55,-1,4
5,0,0,v7-new,P13,opening,5,2.530,b8c6,-19,-1,5
5,0,0,v7-new,P13,opening,6,16.696,e7e6,-6,-1,6
5,0,0,v7-new,P14,opening,4,2.271,c6d4,73,-37,4
5,0,0,v7-new,P14,opening,5,8.411,c6d4,48,-37,5
5,0,0,v7-new,P14,opening,6,26.296,c6d4,53,-37,6
5,0,0,v7-new,P15,middlegame,4,4.973,h4g3,77,76,4
5,0,0,v7-new,P15,middlegame,5,11.854,h4g3,71,76,5
5,0,0,v7-new,P15,middlegame,6,33.377,h4g3,60,76,6
5,0,0,v7-new,P16,middlegame,4,1.834,a6a5,-71,-97,4
5,0,0,v7-new,P16,middlegame,5,7.910,a6a5,-73,-97,5
5,0,0,v7-new,P16,middlegame,6,27.438,c8b7,-67,-97,6
5,0,0,v7-new,P17,middlegame,4,4.012,c6b4,-84,-124,4
5,0,0,v7-new,P17,middlegame,5,10.325,c6b4,-79,-124,5
5,0,0,v7-new,P17,middlegame,6,39.701,e7f5,-83,-124,6
5,0,0,v7-new,P18,middlegame,4,3.370,c1a3,136,117,4
5,0,0,v7-new,P18,middlegame,5,13.922,c1e3,132,117,5
5,0,0,v7-new,P18,middlegame,6,32.278,c1e3,144,117,6
5,0,0,v7-new,P19,middlegame,4,0.524,c4d5,138,-197,4
5,0,0,v7-new,P19,middlegame,5,1.685,c4d5,156,-197,5
5,0,0,v7-new,P19,middlegame,6,2.778,c4d5,155,-197,6
5,0,0,v7-new,P20,middlegame,4,3.409,h7h6,48,40,4
5,0,0,v7-new,P20,middlegame,5,12.755,h7h6,19,40,5
5,0,0,v7-new,P20,middlegame,6,49.878,d8d7,14,40,6
5,0,0,v7-new,P21,middlegame,4,4.435,e7d5,6,-46,4
5,0,0,v7-new,P21,middlegame,5,9.714,e7d5,11,-46,5
5,0,0,v7-new,P21,middlegame,6,35.097,e7d5,-16,-46,6
5,0,0,v7-new,P22,middlegame,4,6.762,g1h1,31,69,4
5,0,0,v7-new,P22,middlegame,5,14.169,g1h1,31,69,5
5,0,0,v7-new,P22,middlegame,6,32.220,g1h1,31,69,6
5,0,0,v7-new,P23,middlegame,4,2.972,e7f6,50,33,4
5,0,0,v7-new,P23,middlegame,5,7.342,f8e8,44,33,5
5,0,0,v7-new,P23,middlegame,6,28.027,e7d6,48,33,6
5,0,0,v7-new,P24,middlegame,4,6.808,b5c6,132,156,4
5,0,0,v7-new,P24,middlegame,5,12.741,b5c6,153,156,5
5,0,0,v7-new,P24,middlegame,6,37.549,b5c6,145,156,6
5,0,0,v7-new,P25,middlegame,4,2.882,d7f6,-86,-100,4
5,0,0,v7-new,P25,middlegame,5,11.301,d7b6,-69,-100,5
5,0,0,v7-new,P25,middlegame,6,18.893,d7b6,-69,-100,6
5,0,0,v7-new,P26,middlegame,4,2.348,g8g7,-54,-298,4
5,0,0,v7-new,P26,middlegame,5,6.034,g8g7,-75,-298,5
5,0,0,v7-new,P26,middlegame,6,16.878,g8g7,-73,-298,6
5,0,0,v7-new,P27,middlegame,4,2.313,b4c6,-90,-98,4
5,0,0,v7-new,P27,middlegame,5,4.771,b4c6,-90,-98,5
5,0,0,v7-new,P27,middlegame,6,17.293,b4c6,-102,-98,6
5,0,0,v7-new,P28,middlegame,4,3.176,c3d3,-86,-86,4
5,0,0,v7-new,P28,middlegame,5,6.053,c3d3,-78,-86,5
5,0,0,v7-new,P28,middlegame,6,14.686,c3d3,-80,-86,6
5,0,0,v7-new,P29,middlegame,4,4.269,d8e8,-54,-52,4
5,0,0,v7-new,P29,middlegame,5,11.481,c8b8,-42,-52,5
5,0,0,v7-new,P29,middlegame,6,22.878,d8e8,-42,-52,6
5,0,0,v7-new,P30,middlegame,4,3.496,a6b4,-102,-100,4
5,0,0,v7-new,P30,middlegame,5,16.142,f5f4,-55,-100,5
5,0,0,v7-new,P30,middlegame,6,30.928,f5f4,-84,-100,6
5,0,0,v7-new,P31,endgame,4,0.844,c5g1,70,-280,4
5,0,0,v7-new,P31,endgame,5,1.169,c5g1,70,-280,5
5,0,0,v7-new,P31,endgame,6,2.602,c5g1,70,-280,6
5,0,0,v7-new,P32,endgame,4,0.905,f2e3,164,156,4
5,0,0,v7-new,P32,endgame,5,2.277,f2e3,167,156,5
5,0,0,v7-new,P32,endgame,6,5.675,f2e3,169,156,6
5,0,0,v7-new,P33,endgame,4,1.678,b4a4,-90,-113,4
5,0,0,v7-new,P33,endgame,5,2.682,b4a4,-74,-113,5
5,0,0,v7-new,P33,endgame,6,6.498,b4a4,-137,-113,6
5,0,0,v7-new,P34,endgame,4,0.328,a5a8,360,341,4
5,0,0,v7-new,P34,endgame,5,0.596,a5a8,371,341,5
5,0,0,v7-new,P34,endgame,6,1.035,a5a8,371,341,6
5,0,0,v7-new,P35,endgame,4,1.862,f2g1,20,36,4
5,0,0,v7-new,P35,endgame,5,5.588,f2g1,34,36,5
5,0,0,v7-new,P35,endgame,6,10.499,f2g1,34,36,6
5,0,0,v7-new,P36,endgame,4,1.135,g1f2,0,-23,4
5,0,0,v7-new,P36,endgame,5,2.005,g1f2,-5,-23,5
5,0,0,v7-new,P36,endgame,6,5.126,g1f2,-15,-23,6
5,0,0,v7-new,P37,endgame,4,0.824,g3g7,57,23,4
5,0,0,v7-new,P37,endgame,5,1.713,g3g7,56,23,5
5,0,0,v7-new,P37,endgame,6,4.023,g3g7,48,23,6
5,0,0,v7-new,P38,endgame,4,0.794,a4b5,59,-15,4
5,0,0,v7-new,P38,endgame,5,1.230,a4b5,97,-15,5
5,0,0,v7-new,P38,endgame,6,2.728,a4b5,86,-15,6
5,0,0,v7-new,P39,endgame,4,0.898,d2g2,-20,-37,4
5,0,0,v7-new,P39,endgame,5,1.762,d2g2,-13,-37,5
5,0,0,v7-new,P39,endgame,6,8.296,d2a2,-16,-37,6
5,0,0,v7-new,P40,endgame,4,3.387,e3e8,122,99,4
5,0,0,v7-new,P40,endgame,5,4.961,e3e8,151,99,5
5,0,0,v7-new,P40,endgame,6,16.087,a4a5,145,99,6
5,0,1,v6.1-stack,P01,opening,4,7.345,g8f6,,-53,4
5,0,1,v6.1-stack,P01,opening,5,9.524,g8f6,,-53,5
5,0,1,v6.1-stack,P01,opening,6,23.811,b8c6,,-53,6
5,0,1,v6.1-stack,P02,opening,4,4.641,b8c6,,20,4
5,0,1,v6.1-stack,P02,opening,5,16.974,e8g8,,20,5
5,0,1,v6.1-stack,P02,opening,6,48.176,d8a5,,20,6
5,0,1,v6.1-stack,P03,opening,4,6.957,a7a5,,27,4
5,0,1,v6.1-stack,P03,opening,5,16.682,c8e6,,27,5
5,0,1,v6.1-stack,P03,opening,6,39.406,a7a5,,27,6
5,0,1,v6.1-stack,P04,opening,4,5.211,e1g1,,18,4
5,0,1,v6.1-stack,P04,opening,5,16.446,d4e5,,18,5
5,0,1,v6.1-stack,P04,opening,6,26.344,d4e5,,18,6
5,0,1,v6.1-stack,P05,opening,4,4.632,e1g1,,-11,4
5,0,1,v6.1-stack,P05,opening,5,10.143,e1g1,,-11,5
5,0,1,v6.1-stack,P05,opening,6,36.475,e1g1,,-11,6
5,0,1,v6.1-stack,P06,opening,4,5.876,f1c4,,-19,4
5,0,1,v6.1-stack,P06,opening,5,9.323,f1c4,,-19,5
5,0,1,v6.1-stack,P06,opening,6,30.736,f1c4,,-19,6
5,0,1,v6.1-stack,P07,opening,4,4.199,d6b6,,-26,4
5,0,1,v6.1-stack,P07,opening,5,19.424,g8f6,,-26,5
5,0,1,v6.1-stack,P07,opening,6,24.839,g8f6,,-26,6
5,0,1,v6.1-stack,P08,opening,4,3.597,g8f6,,19,4
5,0,1,v6.1-stack,P08,opening,5,8.664,g8f6,,19,5
5,0,1,v6.1-stack,P08,opening,6,31.312,b8c6,,19,6
5,0,1,v6.1-stack,P09,opening,4,6.544,e3e4,,158,4
5,0,1,v6.1-stack,P09,opening,5,10.669,d3c2,,158,5
5,0,1,v6.1-stack,P09,opening,6,40.634,d3c2,,158,6
5,0,1,v6.1-stack,P10,opening,4,5.185,e7e5,,13,4
5,0,1,v6.1-stack,P10,opening,5,13.143,e7e5,,13,5
5,0,1,v6.1-stack,P10,opening,6,22.961,e7e5,,13,6
5,0,1,v6.1-stack,P11,opening,4,4.232,f1d3,,-55,4
5,0,1,v6.1-stack,P11,opening,5,8.721,e4d5,,-55,5
5,0,1,v6.1-stack,P11,opening,6,27.761,e4e5,,-55,6
5,0,1,v6.1-stack,P12,opening,4,6.014,c8d7,,-14,4
5,0,1,v6.1-stack,P12,opening,5,9.546,c8d7,,-14,5
5,0,1,v6.1-stack,P12,opening,6,19.190,c8d7,,-14,6
5,0,1,v6.1-stack,P13,opening,4,2.910,b8c6,,-1,4
5,0,1,v6.1-stack,P13,opening,5,4.079,b8c6,,-1,5
5,0,1,v6.1-stack,P13,opening,6,17.133,e7e6,,-1,6
5,0,1,v6.1-stack,P14,opening,4,3.519,c6d4,,-37,4
5,0,1,v6.1-stack,P14,opening,5,9.383,c6d4,,-37,5
5,0,1,v6.1-stack,P14,opening,6,26.255,c6d4,,-37,6
5,0,1,v6.1-stack,P15,middlegame,4,6.513,h4g3,,76,4
5,0,1,v6.1-stack,P15,middlegame,5,12.597,h4g3,,76,5
5,0,1,v6.1-stack,P15,middlegame,6,32.903,h4g3,,76,6
5,0,1,v6.1-stack,P16,middlegame,4,3.316,a6a5,,-97,4
5,0,1,v6.1-stack,P16,middlegame,5,8.888,a6a5,,-97,5
5,0,1,v6.1-stack,P16,middlegame,6,27.717,c8b7,,-97,6
5,0,1,v6.1-stack,P17,middlegame,4,5.423,c6b4,,-124,4
5,0,1,v6.1-stack,P17,middlegame,5,11.032,c6b4,,-124,5
5,0,1,v6.1-stack,P17,middlegame,6,39.574,e7f5,,-124,6
5,0,1,v6.1-stack,P18,middlegame,4,5.029,c1a3,,117,4
5,0,1,v6.1-stack,P18,middlegame,5,15.235,c1e3,,117,5
5,0,1,v6.1-stack,P18,middlegame,6,32.883,c1e3,,117,6
5,0,1,v6.1-stack,P19,middlegame,4,2.002,c4d5,,-197,4
5,0,1,v6.1-stack,P19,middlegame,5,2.927,c4d5,,-197,5
5,0,1,v6.1-stack,P19,middlegame,6,3.867,c4d5,,-197,6
5,0,1,v6.1-stack,P20,middlegame,4,4.315,h7h6,,40,4
5,0,1,v6.1-stack,P20,middlegame,5,13.805,h7h6,,40,5
5,0,1,v6.1-stack,P20,middlegame,6,49.862,d8d7,,40,6
5,0,1,v6.1-stack,P21,middlegame,4,6.239,e7d5,,-46,4
5,0,1,v6.1-stack,P21,middlegame,5,10.694,e7d5,,-46,5
5,0,1,v6.1-stack,P21,middlegame,6,35.379,e7d5,,-46,6
5,0,1,v6.1-stack,P22,middlegame,4,8.119,g1h1,,69,4
5,0,1,v6.1-stack,P22,middlegame,5,14.994,g1h1,,69,5
5,0,1,v6.1-stack,P22,middlegame,6,32.444,g1h1,,69,6
5,0,1,v6.1-stack,P23,middlegame,4,4.618,e7f6,,33,4
5,0,1,v6.1-stack,P23,middlegame,5,8.414,f8e8,,33,5
5,0,1,v6.1-stack,P23,middlegame,6,28.797,e7d6,,33,6
5,0,1,v6.1-stack,P24,middlegame,4,8.520,b5c6,,156,4
5,0,1,v6.1-stack,P24,middlegame,5,13.621,b5c6,,156,5
5,0,1,v6.1-stack,P24,middlegame,6,37.917,b5c6,,156,6
5,0,1,v6.1-stack,P25,middlegame,4,4.422,d7f6,,-100,4
5,0,1,v6.1-stack,P25,middlegame,5,12.579,d7b6,,-100,5
5,0,1,v6.1-stack,P25,middlegame,6,19.707,d7b6,,-100,6
5,0,1,v6.1-stack,P26,middlegame,4,3.747,g8g7,,-298,4
5,0,1,v6.1-stack,P26,middlegame,5,6.994,g8g7,,-298,5
5,0,1,v6.1-stack,P26,middlegame,6,17.672,g8g7,,-298,6
5,0,1,v6.1-stack,P27,middlegame,4,3.743,b4c6,,-98,4
5,0,1,v6.1-stack,P27,middlegame,5,5.941,b4c6,,-98,5
5,0,1,v6.1-stack,P27,middlegame,6,18.633,b4c6,,-98,6
5,0,1,v6.1-stack,P28,middlegame,4,4.401,c3d3,,-86,4
5,0,1,v6.1-stack,P28,middlegame,5,6.876,c3d3,,-86,5
5,0,1,v6.1-stack,P28,middlegame,6,15.100,c3d3,,-86,6
5,0,1,v6.1-stack,P29,middlegame,4,5.375,d8e8,,-52,4
5,0,1,v6.1-stack,P29,middlegame,5,12.675,c8b8,,-52,5
5,0,1,v6.1-stack,P29,middlegame,6,23.368,d8e8,,-52,6
5,0,1,v6.1-stack,P30,middlegame,4,4.865,a6b4,,-100,4
5,0,1,v6.1-stack,P30,middlegame,5,16.841,f5f4,,-100,5
5,0,1,v6.1-stack,P30,middlegame,6,31.377,f5f4,,-100,6
5,0,1,v6.1-stack,P31,endgame,4,2.294,c5g1,,-280,4
5,0,1,v6.1-stack,P31,endgame,5,2.267,c5g1,,-280,5
5,0,1,v6.1-stack,P31,endgame,6,3.681,c5g1,,-280,6
5,0,1,v6.1-stack,P32,endgame,4,2.139,f2e3,,156,4
5,0,1,v6.1-stack,P32,endgame,5,3.491,f2e3,,156,5
5,0,1,v6.1-stack,P32,endgame,6,6.844,f2e3,,156,6
5,0,1,v6.1-stack,P33,endgame,4,2.867,b4a4,,-113,4
5,0,1,v6.1-stack,P33,endgame,5,3.822,b4a4,,-113,5
5,0,1,v6.1-stack,P33,endgame,6,7.457,b4a4,,-113,6
5,0,1,v6.1-stack,P34,endgame,4,1.597,a5a8,,341,4
5,0,1,v6.1-stack,P34,endgame,5,1.920,a5a8,,341,5
5,0,1,v6.1-stack,P34,endgame,6,2.235,a5a8,,341,6
5,0,1,v6.1-stack,P35,endgame,4,3.237,f2g1,,36,4
5,0,1,v6.1-stack,P35,endgame,5,6.685,f2g1,,36,5
5,0,1,v6.1-stack,P35,endgame,6,11.537,f2g1,,36,6
5,0,1,v6.1-stack,P36,endgame,4,2.429,g1f2,,-23,4
5,0,1,v6.1-stack,P36,endgame,5,3.027,g1f2,,-23,5
5,0,1,v6.1-stack,P36,endgame,6,6.233,g1f2,,-23,6
5,0,1,v6.1-stack,P37,endgame,4,2.077,g3g7,,23,4
5,0,1,v6.1-stack,P37,endgame,5,2.905,g3g7,,23,5
5,0,1,v6.1-stack,P37,endgame,6,5.446,g3g7,,23,6
5,0,1,v6.1-stack,P38,endgame,4,2.013,a4b5,,-15,4
5,0,1,v6.1-stack,P38,endgame,5,2.466,a4b5,,-15,5
5,0,1,v6.1-stack,P38,endgame,6,4.005,a4b5,,-15,6
5,0,1,v6.1-stack,P39,endgame,4,2.309,d2g2,,-37,4
5,0,1,v6.1-stack,P39,endgame,5,2.955,d2g2,,-37,5
5,0,1,v6.1-stack,P39,endgame,6,9.481,d2a2,,-37,6
5,0,1,v6.1-stack,P40,endgame,4,4.532,e3e8,,99,4
5,0,1,v6.1-stack,P40,endgame,5,6.017,e3e8,,99,5
5,0,1,v6.1-stack,P40,endgame,6,16.776,a4a5,,99,6
